Date,Open,High,Low,Close,Adj_Close,Volume
2015-01-02,23.35,23.719999,23.280001,23.549999,22.2997,9331200
2015-01-05,23.07,23.07,21.950001,22.15,20.974028,23786900
2015-01-06,22.200001,22.790001,22.110001,22.530001,21.333855,15756800
2015-01-07,22.799999,22.9,22.389999,22.860001,21.64633,11749700
2015-01-08,23.049999,23.5,22.82,23.370001,22.129259,10959100
2015-01-09,23.52,23.610001,23.08,23.450001,22.205008,9904200
2015-01-12,23.02,23.17,22.450001,23.07,21.845182,15452300
2015-01-13,22.58,22.700001,20.950001,21.040001,20.196541,30072100
2015-01-14,19.26,19.360001,17.85,18.74,17.988741,60272100
2015-01-15,19.08,19.299999,18.32,18.33,17.595175,25351500
2015-01-16,18.629999,19.33,18.57,19.24,18.468697,25455700
2015-01-20,19.24,19.35,18.860001,19.27,18.497498,16892900
2015-01-21,19.110001,20.059999,19.09,19.85,19.054243,21354900
2015-01-22,20.48,20.559999,19.74,20.02,19.217426,19039500
2015-01-23,19.76,19.860001,19.190001,19.24,18.468697,23160600
2015-01-26,19.15,19.610001,18.959999,19.559999,18.775866,16288200
2015-01-27,18.200001,18.860001,18.01,18.379999,17.643169,33844700
2015-01-28,18.280001,18.32,17.4,17.42,16.721657,27404500
2015-01-29,17.42,17.42,16.43,16.83,16.155308,33264400
2015-01-30,16.74,17.26,16.610001,16.809999,16.136112,27276000
2015-02-02,16.98,17.5,16.809999,17.450001,16.750456,21217900
2015-02-03,18.299999,19.26,18.139999,18.98,18.219118,33141600
2015-02-04,18.459999,18.549999,18.01,18.290001,17.55678,22443900
2015-02-05,18.23,19.620001,18.110001,19.59,18.804665,35384100
2015-02-06,19.24,19.48,18.83,18.85,18.094332,22368200
2015-02-09,18.93,19.780001,18.85,19.51,18.727873,19437700
2015-02-10,19.25,19.26,18.48,18.709999,17.959944,16436700
2015-02-11,18.66,18.75,18.07,18.6,17.854351,18740200
2015-02-12,19.01,19.57,18.93,19.469999,18.689474,17414800
2015-02-13,19.77,20.5,19.76,20.290001,19.476606,19529900
2015-02-17,20.110001,21.17,19.959999,20.950001,20.110147,27489700
2015-02-18,20.870001,21.58,20.67,21.290001,20.436512,19412400
2015-02-19,20.959999,21.26,20.91,21.110001,20.263733,18731500
2015-02-20,21.120001,21.299999,20.91,21.280001,20.426914,12715500
2015-02-23,21.07,21.07,20.379999,20.59,19.764578,15354100
2015-02-24,21.07,21.4,20.85,21.219999,20.369322,12361200
2015-02-25,21.27,21.66,21.08,21.5,20.638096,11321100
2015-02-26,21.9,21.9,21.040001,21.110001,20.263733,14163800
2015-02-27,21.26,21.790001,21.08,21.629999,20.762884,12563700
2015-03-02,21.629999,21.629999,20.75,21.129999,20.282927,15066600
2015-03-03,20.99,21.629999,20.969999,20.99,20.14854,11164400
2015-03-04,20.65,20.969999,20.120001,20.870001,20.033354,19095800
2015-03-05,20.879999,20.92,20.139999,20.190001,19.380615,17984500
2015-03-06,19.99,20.15,19.34,19.440001,18.660679,20089200
2015-03-09,19.32,19.77,19.32,19.620001,18.833464,10402500
2015-03-10,19.07,19.43,18.799999,18.84,18.084736,15698100
2015-03-11,18.84,18.879999,18.27,18.809999,18.055931,13763300
2015-03-12,19.379999,19.629999,18.809999,18.889999,18.132727,13714400
2015-03-13,18.52,18.52,17.879999,18.139999,17.412796,18202900
2015-03-16,18.049999,18.280001,17.530001,17.969999,17.249611,17290000
2015-03-17,17.77,17.85,17.360001,17.42,16.721657,20520200
2015-03-18,17.120001,18.389999,17.02,18.23,17.499186,24498000
2015-03-19,18.040001,18.049999,17.09,17.26,16.568073,24104100
2015-03-20,17.379999,18.83,17.360001,18.41,17.67197,39102900
2015-03-23,18.6,19.43,18.52,19.33,18.55509,22830000
2015-03-24,18.85,19.43,18.530001,19.18,18.411102,36498400
2015-03-25,19.16,19.549999,18.99,19.09,18.324711,21116100
2015-03-26,19.540001,20,19.26,19.5,18.718273,21683400
2015-03-27,19.1,19.139999,18.66,18.799999,18.046333,20855400
2015-03-30,18.85,19.559999,18.809999,19.379999,18.603086,15991100
2015-03-31,19.209999,19.209999,18.790001,18.950001,18.190325,25410100
2015-04-01,19.1,19.299999,18.790001,18.969999,18.20952,24332200
2015-04-02,18.799999,19.07,18.74,19,18.238316,14145900
2015-04-06,19.27,19.4,19.139999,19.15,18.382303,13762700
2015-04-07,19.219999,19.34,18.93,18.98,18.219118,12555900
2015-04-08,19.280001,19.4,18.790001,18.82,18.065533,11944100
2015-04-09,18.709999,19.200001,18.67,18.780001,18.027136,12318400
2015-04-10,18.74,18.9,18.23,18.299999,17.566381,13736000
2015-04-13,18.41,18.469999,18.110001,18.26,17.576004,10781600
2015-04-14,18.450001,18.969999,18.27,18.950001,18.24016,16930800
2015-04-15,19.040001,21.07,19.030001,20.67,19.895731,42863500
2015-04-16,20.719999,21.209999,20.49,20.83,20.04974,25937800
2015-04-17,20.51,20.77,20.360001,20.67,19.895731,17250400
2015-04-20,20.65,21.190001,20.549999,20.66,19.886103,15294800
2015-04-21,20.559999,20.629999,20.040001,20.23,19.472214,19519100
2015-04-22,20.450001,20.790001,20.200001,20.57,19.799477,15813900
2015-04-23,19.83,20.57,19.549999,20.07,19.318205,26085500
2015-04-24,20.450001,21.27,20.440001,20.82,20.040112,23043200
2015-04-27,21.25,22.120001,21.16,21.82,21.002653,26042600
2015-04-28,22.459999,22.82,22.33,22.68,21.830439,32509900
2015-04-29,22.459999,23.1,22.389999,22.889999,22.03257,21399500
2015-04-30,22.68,23.66,22.42,23.27,22.398336,25088300
2015-05-01,23.379999,23.950001,23.290001,23.66,22.773729,20194900
2015-05-04,23.82,23.969999,23.25,23.389999,22.513838,13367900
2015-05-05,23.57,23.75,23.23,23.35,22.475338,16119300
2015-05-06,23.65,23.67,23.040001,23.26,22.388712,13922100
2015-05-07,22.74,23.02,22.48,22.91,22.051823,15409500
2015-05-08,23.27,23.610001,23.120001,23.290001,22.417587,15817800
2015-05-11,23.4,23.6,22.870001,22.969999,22.109575,15975600
2015-05-12,22.98,23.1,22.66,22.73,21.878565,13758700
2015-05-13,22.82,23,22.459999,22.610001,21.76306,14307600
2015-05-14,22.780001,23.299999,22.66,22.799999,21.945942,14059800
2015-05-15,22.77,22.959999,22.469999,22.83,21.974819,9022100
2015-05-18,22.639999,22.68,22.040001,22.129999,21.301041,12559200
2015-05-19,21.719999,21.85,21.200001,21.290001,20.492502,22238000
2015-05-20,21.379999,21.379999,20.879999,21.08,20.290371,12735300
2015-05-21,21.24,21.559999,20.85,21.35,20.550257,17040400
2015-05-22,21.190001,21.299999,20.9,20.99,20.203741,12275200
2015-05-26,20.700001,20.75,19.870001,20.08,19.327831,27660900
2015-05-27,20.030001,20.360001,19.9,20.15,19.395206,14151400
2015-05-28,20.07,20.24,19.719999,20.16,19.404835,13264700
2015-05-29,20.049999,20.07,19.65,19.65,18.913937,13437800
2015-06-01,19.75,19.75,19.299999,19.35,18.625175,11548700
2015-06-02,19.52,20.68,19.51,20.459999,19.693596,16644000
2015-06-03,20.459999,20.65,19.799999,19.870001,19.125696,17067500
2015-06-04,19.65,19.700001,19.4,19.52,18.788809,14532400
2015-06-05,19.360001,19.76,19.26,19.65,18.913937,10893200
2015-06-08,19.9,19.9,19.290001,19.4,18.673302,11498500
2015-06-09,19.6,20.219999,19.530001,20.02,19.270077,15810300
2015-06-10,20.540001,20.780001,20.450001,20.559999,19.789852,15533900
2015-06-11,20.360001,20.4,19.799999,19.93,19.183447,12578900
2015-06-12,19.85,19.870001,19.52,19.809999,19.067945,9426600
2015-06-15,19.43,19.950001,19.42,19.59,18.856182,17871700
2015-06-16,19.559999,19.93,19.309999,19.799999,19.058321,10145900
2015-06-17,19.959999,20.129999,19.540001,20.02,19.270077,10483000
2015-06-18,20.25,20.35,19.719999,20.129999,19.375957,12248000
2015-06-19,19.91,20.030001,19.68,19.77,19.029444,15734700
2015-06-22,19.700001,19.799999,19.389999,19.4,18.673302,12619500
2015-06-23,19.4,20.15,19.379999,20.110001,19.356707,16277900
2015-06-24,20.16,21.17,20.15,20.559999,19.789852,23128300
2015-06-25,20.4,20.66,19.57,19.74,19.000566,17142500
2015-06-26,19.629999,20.059999,19.530001,19.940001,19.193073,17434900
2015-06-29,19.700001,19.959999,19.360001,19.379999,18.654051,13466300
2015-06-30,19.48,19.52,18.51,18.620001,17.922522,22002800
2015-07-01,18.58,18.809999,18.209999,18.4,17.710762,14112900
2015-07-02,18.6,18.84,18.27,18.4,17.710762,13265700
2015-07-06,17.889999,18.120001,17.51,17.84,17.171738,18450800
2015-07-07,17.370001,17.370001,16,17.25,16.603838,44548100
2015-07-08,17.15,17.290001,16.35,16.5,15.881932,20571900
2015-07-09,17.17,17.34,16.76,16.780001,16.151445,17844600
2015-07-10,17.299999,17.5,16.67,16.74,16.112946,14907700
2015-07-13,16.59,17.01,16.26,16.92,16.334986,16280900
2015-07-14,16.73,17.209999,16.6,17.110001,16.518425,14889500
2015-07-15,17.110001,17.16,16.27,16.41,15.842624,17215000
2015-07-16,16.65,16.67,16.1,16.299999,15.736426,12697900
2015-07-17,16.17,16.17,15.55,15.88,15.330948,18847000
2015-07-20,15.51,15.67,14.91,15.05,14.529646,35635000
2015-07-21,15.25,16.25,15.2,15.72,15.17648,27647900
2015-07-22,15.51,15.56,14.86,15.06,14.539301,28339600
2015-07-23,15.32,15.39,13.3,13.64,13.168397,60229700
2015-07-24,13.45,13.46,12.17,12.29,11.865071,56994300
2015-07-27,11.95,12.56,11.16,11.37,10.97688,64856700
2015-07-28,11.76,12.69,11.62,12.33,11.90369,51813300
2015-07-29,12.36,12.6,12.18,12.5,12.067812,32226300
2015-07-30,12.3,12.49,11.57,11.84,11.430632,29185400
2015-07-31,12.1,12.15,11.58,11.75,11.343743,18926700
2015-08-03,11.64,11.67,11.12,11.2,10.812759,22812600
2015-08-04,11.52,11.68,10.93,11.04,10.658293,22773500
2015-08-05,11.47,11.87,10.9,10.93,10.552096,41019200
2015-08-06,10.84,11.3,10.72,11.21,10.822412,28172300
2015-08-07,11.07,11.25,10.48,10.53,10.165924,26792200
2015-08-10,10.11,11.69,10.1,11.65,11.247202,40044700
2015-08-11,11.05,11.06,10,10.22,9.866643,47011600
2015-08-12,10.05,10.38,9.88,10.25,9.895605,35659000
2015-08-13,10.19,10.28,9.96,10.07,9.721828,27176600
2015-08-14,10.09,10.36,10.01,10.03,9.683209,19115600
2015-08-17,9.92,10.3,9.92,10.24,9.885951,29758400
2015-08-18,9.97,10.05,9.81,9.92,9.577016,44885100
2015-08-19,9.85,9.87,9.59,9.73,9.393583,41990400
2015-08-20,9.99,10.12,9.59,9.71,9.374276,45135700
2015-08-21,9.74,9.8,9.48,9.58,9.248771,29974400
2015-08-24,8.67,9.42,8.16,8.68,8.379889,35840500
2015-08-25,9.25,9.26,8.24,8.24,7.955102,37157600
2015-08-26,8.25,8.29,7.76,7.92,7.646166,52995000
2015-08-27,8.63,10.48,8.56,10.19,9.837679,107966700
2015-08-28,11.33,11.48,10.31,10.5,10.136961,110214000
2015-08-31,10.35,10.83,10.17,10.64,10.272121,58259700
2015-09-01,10.11,10.39,9.65,9.77,9.432202,42543100
2015-09-02,10.05,10.05,9.5,9.9,9.557709,36488400
2015-09-03,10.02,10.35,9.86,10.13,9.779755,40838100
2015-09-04,9.79,9.91,9.51,9.71,9.374276,30074200
2015-09-08,10.21,10.58,10.08,10.4,10.040419,66046100
2015-09-09,10.77,11.18,10.41,10.73,10.359009,44865100
2015-09-10,10.82,11.34,10.78,11.27,10.88034,54185300
2015-09-11,11.31,11.64,11.1,11.4,11.005844,41622600
2015-09-14,11.17,11.54,10.88,11.16,10.774141,28249300
2015-09-15,11.13,11.48,11.11,11.29,10.899648,28015800
2015-09-16,11.45,11.87,11.39,11.84,11.430632,29949900
2015-09-17,11.66,12.59,11.56,12.05,11.63337,48932900
2015-09-18,11.34,11.43,10.54,10.88,10.503822,79177900
2015-09-21,10.77,10.9,10.51,10.53,10.165924,43161300
2015-09-22,9.97,10.78,9.72,10.59,10.22385,91540300
2015-09-23,10.62,10.67,9.96,10,9.654249,34038800
2015-09-24,9.7,10.14,9.57,9.99,9.644594,46986600
2015-09-25,10.06,10.08,9.6,9.8,9.461164,46429900
2015-09-28,9.8,9.8,8.62,8.91,8.601937,49501600
2015-09-29,8.97,9.26,8.96,9.11,8.79502,27293100
2015-09-30,9.27,9.78,9.25,9.69,9.354968,42200500
2015-10-01,9.91,10.14,9.51,9.82,9.480473,31312800
2015-10-02,9.71,10.66,9.62,10.62,10.252813,39607300
2015-10-05,10.54,11.29,10.51,11.18,10.793449,38489400
2015-10-06,11.43,11.93,11.3,11.83,11.420978,53934000
2015-10-07,12.23,13.44,12.23,13.01,12.560179,93597700
2015-10-08,12.95,13.62,12.71,13.46,12.994619,52374300
2015-10-09,13.89,14.2,13.17,13.49,13.023582,51723400
2015-10-12,13.54,13.54,12.53,12.94,12.492597,30719200
2015-10-13,12.31,13.15,12.12,12.73,12.337532,30954800
2015-10-14,12.83,13.09,12.47,13.06,12.657358,27640200
2015-10-15,12.92,13.2,12.84,13,12.599207,25938300
2015-10-16,13.06,13.06,12.25,12.44,12.056471,29304300
2015-10-19,12.21,12.4,11.77,12.03,11.659113,25838700
2015-10-20,11.93,12.39,11.83,12.24,11.862638,23307600
2015-10-21,12.29,12.35,11.87,11.95,11.581579,24713500
2015-10-22,11.54,12.8,11.53,12.02,11.649421,36187300
2015-10-23,12.19,12.28,11.78,12.13,11.75603,25782800
2015-10-26,12.14,12.31,11.98,12.02,11.649421,13577900
2015-10-27,11.82,11.99,11.32,11.61,11.252062,23378700
2015-10-28,11.42,12.36,11.4,11.78,11.416821,32522500
2015-10-29,11.58,12,11.53,11.63,11.271444,19680300
2015-10-30,11.7,12.05,11.56,11.77,11.407128,21816300
2015-11-02,11.79,12.05,11.61,11.82,11.455586,23081000
2015-11-03,11.82,12.68,11.81,12.41,12.027397,35032300
2015-11-04,12.65,12.75,11.77,12.02,11.649421,30393800
2015-11-05,11.77,11.86,11.21,11.48,11.126067,36803900
2015-11-06,11.17,11.25,10.61,10.75,10.418575,35330300
2015-11-09,10.73,10.88,10.13,10.49,10.166592,28849300
2015-11-10,10.37,10.37,9.8,9.83,9.526939,35554900
2015-11-11,9.91,9.92,9.02,9.31,9.022972,40818900
2015-11-12,8.86,9.18,8.6,8.77,8.499621,47069000
2015-11-13,8.97,8.99,8.64,8.68,8.412395,32314300
2015-11-16,8.71,8.92,8.61,8.86,8.586843,30302100
2015-11-17,8.94,8.97,8.33,8.39,8.131335,32672500
2015-11-18,8.53,8.8,8.45,8.77,8.499621,32434000
2015-11-19,8.8,8.85,8.4,8.41,8.150717,27405200
2015-11-20,8.44,8.58,8,8.25,7.995651,34819700
2015-11-23,8.2,8.2,7.94,8,7.753358,36508600
2015-11-24,8.19,8.4,8.01,8.3,8.044109,48025100
2015-11-25,8.16,8.49,8,8.1,7.850276,29689500
2015-11-27,8.13,8.25,8.03,8.1,7.850276,14910900
2015-11-30,8.11,8.48,8.03,8.18,7.927809,34106200
2015-12-01,8.25,8.41,8.13,8.33,8.073183,32791100
2015-12-02,8.23,8.23,7.8,7.83,7.588599,45182200
2015-12-03,7.85,7.98,7.63,7.68,7.443223,45469100
2015-12-04,7.65,7.92,7.54,7.85,7.607983,45599500
2015-12-07,7.63,7.63,7.19,7.23,7.007097,45849100
2015-12-08,7.06,7.06,6.63,6.74,6.532204,57811500
2015-12-09,6.96,7.48,6.9,6.99,6.774496,60700200
2015-12-10,7.07,7.45,6.93,7.36,7.13309,47513600
2015-12-11,7.16,7.29,6.83,6.9,6.687271,69255200
2015-12-14,6.85,6.95,6.43,6.46,6.260838,57263400
2015-12-15,6.57,6.79,6.46,6.52,6.318987,47366500
2015-12-16,6.63,6.86,6.53,6.69,6.483746,50323800
2015-12-17,6.57,6.64,6.1,6.12,5.931319,53127500
2015-12-18,6.29,6.48,6.08,6.21,6.018544,95926300
2015-12-21,6.31,6.48,6.13,6.24,6.047619,42811200
2015-12-22,6.28,6.46,6.23,6.42,6.22207,41029100
2015-12-23,6.7,7.53,6.7,7.45,7.220315,76684000
2015-12-24,7.53,7.64,7.26,7.57,7.336616,23225200
2015-12-28,7.33,7.33,6.81,6.85,6.638813,42708400
2015-12-29,7.15,7.29,6.86,6.97,6.755113,35517300
2015-12-30,6.74,6.94,6.68,6.77,6.56128,26421100
2015-12-31,6.69,6.93,6.68,6.77,6.56128,24444700
2016-01-04,6.6,6.76,6.3,6.55,6.348062,43095300
2016-01-05,6.62,6.73,6.51,6.71,6.503129,37753400
2016-01-06,6.37,6.47,6.13,6.17,5.979778,45365100
2016-01-07,5.98,6.04,5.43,5.61,5.437043,66615400
2016-01-08,5.67,5.71,5.36,5.41,5.243208,44313100
2016-01-11,5.4,5.42,4.23,4.31,4.177122,117668200
2016-01-12,4.31,4.58,3.65,4.11,3.983288,141597300
2016-01-13,4.18,4.28,3.7,3.74,3.624695,64602100
2016-01-14,3.81,4.23,3.78,4.2,4.070513,77708600
2016-01-15,3.8,4.35,3.77,4.35,4.215889,73161600
2016-01-19,4.58,4.58,3.92,3.96,3.837912,59831200
2016-01-20,3.77,4.13,3.52,4.07,3.944521,88547300
2016-01-21,4.14,4.43,3.97,4.33,4.196505,61102000
2016-01-22,4.59,4.66,3.8,3.94,3.818529,108842500
2016-01-25,3.87,4,3.81,3.94,3.818529,51509400
2016-01-26,4.4,4.42,3.83,4.2,4.070513,92191400
2016-01-27,4.06,5.08,4.02,4.65,4.50664,96210300
2016-01-28,4.8,4.88,4.21,4.42,4.28373,66871300
2016-01-29,4.44,4.75,4.37,4.6,4.458181,42051000
2016-02-01,4.5,4.82,4.33,4.74,4.593864,48326100
2016-02-02,4.6,4.65,4.26,4.35,4.215889,31670500
2016-02-03,4.43,4.85,4.35,4.85,4.700473,44286700
2016-02-04,5.1,6.03,5.09,5.72,5.543651,116330400
2016-02-05,5.57,5.98,5.45,5.68,5.504885,71788500
2016-02-08,5.46,5.93,5.17,5.27,5.107524,64931800
2016-02-09,5.12,5.4,4.97,5,4.845849,44787500
2016-02-10,4.95,5.13,4.78,4.98,4.826466,33858400
2016-02-11,4.81,5.08,4.65,4.89,4.73924,38089300
2016-02-12,5.12,5.75,5.08,5.53,5.359509,44606700
2016-02-16,5.82,6.38,5.8,6.37,6.173611,77117300
2016-02-17,6.63,7.6,6.6,7.16,6.939256,103893300
2016-02-18,7.4,7.42,6.65,7.15,6.929564,59753200
2016-02-19,6.98,7.17,6.75,6.92,6.706655,38903000
2016-02-22,7.27,7.97,7.27,7.93,7.685516,75370000
2016-02-23,7.55,7.74,7.15,7.24,7.016789,59132700
2016-02-24,6.74,7.26,6.55,7.2,6.978022,57160500
2016-02-25,7.14,7.34,6.79,7.12,6.900489,35430500
2016-02-26,7.7,7.8,7.31,7.43,7.200932,48368800
2016-02-29,7.69,7.84,7.51,7.63,7.394765,49138900
2016-03-01,7.84,7.88,7.26,7.76,7.520758,54255000
2016-03-02,7.82,9.02,7.79,8.97,8.693453,84921100
2016-03-03,8.66,9.2,8.46,9.11,8.829137,66759700
2016-03-04,9.32,10.5,9.17,9.74,9.439713,104910200
2016-03-07,9.77,10.2,9.51,9.86,9.556014,63752200
2016-03-08,9.37,9.42,8.56,8.66,8.39301,58450100
2016-03-09,8.91,9.23,8.47,9.15,8.867905,49123200
2016-03-10,8.86,9.65,8.75,9.6,9.304029,55701100
2016-03-11,9.85,9.88,9.41,9.55,9.255572,40933700
2016-03-14,9.47,10.14,9.37,9.97,9.662622,39997600
2016-03-15,9.45,9.49,9.03,9.27,8.984204,36391800
2016-03-16,9.25,10.28,9.22,10.22,9.904915,49299200
2016-03-17,10.43,11.07,10.06,10.9,10.56395,52971300
2016-03-18,11.04,11.45,10.44,10.76,10.428267,79254300
2016-03-21,10.65,10.93,10.35,10.8,10.467034,31281000
2016-03-22,10.56,11.2,10.43,10.99,10.651176,31084100
2016-03-23,10.57,10.72,9.73,9.75,9.449407,48678100
2016-03-24,9.37,10.15,9.1,10.11,9.798306,52654300
2016-03-28,10.25,10.48,9.73,10.14,9.827382,35325200
2016-03-29,9.71,10.3,9.41,10.14,9.827382,44196000
2016-03-30,10.36,10.59,9.99,10.29,9.972757,46871200
2016-03-31,10.13,10.46,10.13,10.34,10.021215,32935800
2016-04-01,9.92,10,9.59,9.89,9.58509,41414900
2016-04-04,9.91,10.09,9.39,9.42,9.12958,38727500
2016-04-05,9.26,9.62,9.22,9.34,9.052047,32380200
2016-04-06,9.47,9.65,9.1,9.61,9.313722,37254400
2016-04-07,9.28,9.51,8.76,8.85,8.577152,61229800
2016-04-08,9.17,9.53,9.02,9.33,9.042355,37149700
2016-04-11,9.58,9.88,9.51,9.76,9.459098,33180500
2016-04-12,10.03,10.48,9.9,10.43,10.108441,59356000
2016-04-13,10.74,11.23,10.72,10.82,10.486417,55023400
2016-04-14,10.85,11.07,10.54,10.73,10.399192,37776300
2016-04-15,10.47,10.93,10.35,10.86,10.525184,29413300
2016-04-18,10.48,11.09,10.22,11.02,10.680252,41040800
2016-04-19,11.07,12.02,11.06,12.01,11.639729,63163200
2016-04-20,11.95,12.69,11.82,12.36,11.978938,61970000
2016-04-21,12.59,12.7,11.47,11.52,11.164836,66031800
2016-04-22,11.76,12.05,11.43,11.67,11.310211,53047800
2016-04-25,11.59,11.76,11.16,11.35,11.000076,35788300
2016-04-26,11.29,11.6,10.56,11.48,11.126067,56657500
2016-04-27,11.69,12.67,11.59,12.65,12.259996,58402300
2016-04-28,12.66,13.36,12.61,12.66,12.269689,62677300
2016-04-29,13.11,14.06,13.05,14,13.568377,74593000
2016-05-02,14.03,14.04,13.31,13.55,13.132252,46207700
2016-05-03,13.04,13.08,12,12.01,11.639729,58883700
2016-05-04,12.14,12.51,11.58,11.8,11.436205,48190000
2016-05-05,12.09,12.22,11.08,11.29,10.941927,50166300
2016-05-06,11.14,12.12,11.13,11.79,11.426514,51550300
2016-05-09,11.2,11.24,10.37,10.52,10.195668,51361700
2016-05-10,10.79,10.98,10.51,10.86,10.525184,25960600
2016-05-11,11.02,11.94,11,11.61,11.252062,46766900
2016-05-12,11.67,11.98,10.83,11.03,10.689942,48043300
2016-05-13,10.96,11.37,10.29,10.41,10.089057,43793100
2016-05-16,10.78,11.46,10.78,11.04,10.699635,43789700
2016-05-17,11.3,11.9,11.09,11.51,11.155145,60441200
2016-05-18,11.23,11.48,10.35,10.54,10.215049,55369200
2016-05-19,10.33,11.02,10.22,10.98,10.641484,48054300
2016-05-20,11.13,11.36,10.87,11.08,10.7384,42726700
2016-05-23,10.8,11.45,10.72,11.38,11.029152,41996300
2016-05-24,11.41,11.51,11.03,11.11,10.767474,37960500
2016-05-25,11.39,11.73,11.11,11.65,11.29083,45708800
2016-05-26,11.91,12.04,11.28,11.34,10.990385,31390600
2016-05-27,11.35,11.42,10.96,11.14,10.796552,28617000
2016-05-31,11.06,11.5,11.03,11.08,10.7384,34439900
2016-06-01,11.08,11.08,10.27,10.6,10.273202,43762700
2016-06-02,10.49,10.71,10.35,10.66,10.331351,29646100
2016-06-03,11,11.28,10.91,11.11,10.767474,34801500
2016-06-06,11.38,11.68,11.37,11.65,11.29083,43488500
2016-06-07,11.32,11.47,11.17,11.24,10.893467,32146300
2016-06-08,11.64,11.92,11.56,11.58,11.222985,37432800
2016-06-09,11.21,11.21,10.78,10.9,10.56395,49003600
2016-06-10,10.53,10.68,10.26,10.36,10.040599,38323800
2016-06-13,10.25,10.71,10.25,10.4,10.079365,25475500
2016-06-14,10.3,10.45,9.82,10.21,9.895224,33249900
2016-06-15,10.64,11.3,10.6,11,10.660868,62845100
2016-06-16,10.81,10.82,10.32,10.78,10.44765,39528400
2016-06-17,11.03,11.4,10.98,11.14,10.796552,40800100
2016-06-20,11.47,11.91,11.42,11.55,11.193912,38890200
2016-06-21,11.48,11.66,11.25,11.61,11.252062,28845000
2016-06-22,11.81,11.9,11.36,11.5,11.145452,36900100
2016-06-23,11.72,11.93,11.62,11.77,11.407128,33441200
2016-06-24,11.02,11.11,10.51,10.58,10.253817,54028500
2016-06-27,10.56,10.56,9.99,10.13,9.81769,30018000
2016-06-28,10.62,10.92,10.52,10.69,10.360423,41865600
2016-06-29,10.87,11.08,10.76,10.77,10.43796,29320200
2016-06-30,10.85,11.18,10.61,11.14,10.796552,33685300
2016-07-01,11.04,11.5,10.94,11.35,11.000076,27441700
2016-07-05,11.1,11.18,10.34,10.5,10.176283,38153800
2016-07-06,10.45,10.9,10.27,10.89,10.554258,29891300
2016-07-07,11.07,11.41,10.56,10.67,10.341043,38483300
2016-07-08,10.93,11.24,10.81,11.2,10.854701,36040100
2016-07-11,11.4,11.89,11.37,11.65,11.29083,33360500
2016-07-12,12.05,12.98,12.02,12.9,12.502291,59009700
2016-07-13,12.8,13,12.42,12.96,12.560441,44432200
2016-07-14,13.03,13.22,12.68,12.95,12.550748,31588300
2016-07-15,13.03,13.25,12.91,13.11,12.705817,24296500
2016-07-18,12.91,13.15,12.6,13.14,12.734891,22242700
2016-07-19,12.92,12.95,12.4,12.45,12.066164,27143600
2016-07-20,12.11,12.4,11.69,12.3,11.92079,39267700
2016-07-21,12.5,12.89,12.44,12.87,12.473217,34135700
2016-07-22,12.78,12.88,12.53,12.67,12.27938,23434900
2016-07-25,12.62,12.62,12.17,12.38,11.998322,29515400
2016-07-26,11.6,12.84,11.25,12.68,12.289073,71538400
2016-07-27,12.89,13.59,12.8,13.06,12.657358,51487600
2016-07-28,13.13,13.2,12.72,12.94,12.541056,24785400
2016-07-29,12.76,13.04,12.63,12.96,12.560441,28956300
2016-08-01,13.01,13.04,12.41,12.48,12.095239,26279400
2016-08-02,12.64,12.7,12.21,12.4,12.017704,24142200
2016-08-03,12.2,12.58,12.03,12.39,12.008013,24941700
2016-08-04,12.23,12.6,12.2,12.32,11.940171,23465700
2016-08-05,12.32,12.37,11.88,12.23,11.852946,36713600
2016-08-08,12.49,12.73,12.28,12.29,11.911097,29715400
2016-08-09,12.28,12.5,12.03,12.09,11.717263,20165800
2016-08-10,12.47,12.5,12,12.02,11.649421,21346500
2016-08-11,12.15,12.2,11.93,12.11,11.736647,21594100
2016-08-12,12,12.18,11.72,11.82,11.455586,23264100
2016-08-15,11.95,12.28,11.93,12.17,11.794798,20601800
2016-08-16,12.36,12.36,12.05,12.08,11.707571,20214300
2016-08-17,11.98,12.05,11.78,12,11.630037,20372000
2016-08-18,12.2,12.27,12.04,12.23,11.852946,20883100
2016-08-19,12.06,12.08,11.89,11.97,11.600963,17288300
2016-08-22,11.75,11.93,11.51,11.83,11.465279,20362900
2016-08-23,11.95,12.2,11.79,11.98,11.610654,25074100
2016-08-24,11.82,11.86,11.04,11.08,10.7384,44040600
2016-08-25,11.08,11.3,10.89,11.09,10.748093,31325000
2016-08-26,11.24,11.58,10.82,10.89,10.554258,32804800
2016-08-29,10.82,11.12,10.8,10.98,10.641484,18349100
2016-08-30,10.94,10.97,10.45,10.56,10.234434,28234700
2016-08-31,10.43,10.52,10.18,10.29,9.972757,32236000
2016-09-01,10.32,10.47,10.18,10.35,10.030908,20780200
2016-09-02,10.63,10.83,10.39,10.48,10.156899,23683500
2016-09-06,10.6,10.81,10.52,10.72,10.389501,21368600
2016-09-07,10.71,10.83,10.49,10.6,10.273202,18440400
2016-09-08,10.62,10.71,10.28,10.62,10.292583,29252600
2016-09-09,10.48,10.55,10.17,10.27,9.953374,28929000
2016-09-12,10.01,11.14,9.9,11.08,10.7384,59990500
2016-09-13,10.65,10.68,9.97,10.15,9.837073,52886500
2016-09-14,10.09,10.18,9.7,9.8,9.497866,48079300
2016-09-15,9.81,9.95,9.43,9.78,9.478479,40449700
2016-09-16,9.6,9.99,9.51,9.94,9.633548,36057900
2016-09-19,10.12,10.2,9.87,10.01,9.701389,27244700
2016-09-20,9.97,10.13,9.8,9.95,9.643239,24404800
2016-09-21,10.14,10.58,10.12,10.54,10.215049,30400500
2016-09-22,10.84,11.13,10.82,10.98,10.641484,36711200
2016-09-23,10.88,11.05,10.62,10.63,10.302277,22336600
2016-09-26,10.69,10.87,10.47,10.51,10.185975,24061000
2016-09-27,10.33,10.36,9.99,10.21,9.895224,24690600
2016-09-28,10.41,10.92,10.27,10.91,10.573642,29769500
2016-09-29,10.74,11.05,10.56,10.69,10.360423,25147900
2016-09-30,10.83,11.11,10.8,10.86,10.525184,26469600
2016-10-03,10.98,11.2,10.67,10.69,10.360423,25503700
2016-10-04,10.75,10.78,10.25,10.39,10.069675,28037600
2016-10-05,10.45,10.79,10.45,10.67,10.341043,22154300
2016-10-06,10.51,10.61,10.3,10.3,9.982448,18075600
2016-10-07,10.57,10.64,10,10.13,9.81769,34391800
2016-10-10,10.29,10.42,10.14,10.19,9.875839,18684100
2016-10-11,10.08,10.08,9.78,9.87,9.565705,28841600
2016-10-12,9.84,10.15,9.8,10.05,9.740156,18499700
2016-10-13,9.54,9.74,9.24,9.64,9.342795,47867300
2016-10-14,9.78,9.93,9.56,9.66,9.36218,26033300
2016-10-17,9.52,9.75,9.5,9.52,9.226496,15204600
2016-10-18,9.71,9.8,9.53,9.72,9.42033,17424200
2016-10-19,9.8,10.18,9.54,10.02,9.711081,34139100
2016-10-20,9.82,10.29,9.64,10.21,9.895224,39952300
2016-10-21,10.01,10.25,9.96,10.04,9.730465,20960800
2016-10-24,10.15,10.23,9.85,10.18,9.866149,28168100
2016-10-25,10.44,11,10.35,10.55,10.224741,53878500
2016-10-26,10.45,10.67,10.33,10.58,10.253817,24182200
2016-10-27,10.64,10.81,10.49,10.69,10.360423,23653700
2016-10-28,10.78,11.18,10.76,10.93,10.593025,36062400
2016-10-31,10.97,11.2,10.85,11.18,10.835318,26120600
2016-11-01,11.31,11.37,11.02,11.15,10.806243,24629500
2016-11-02,10.99,11.22,10.61,10.62,10.292583,28242600
2016-11-03,10.73,11,10.63,10.73,10.399192,19241200
2016-11-04,10.65,11.24,10.5,11.05,10.709327,27925400
2016-11-07,11.42,11.45,11.11,11.29,10.941927,31038400
2016-11-08,11.3,12.16,11.24,12.09,11.717263,60822600
2016-11-09,12.91,13.22,12.78,13.07,12.667048,79913100
2016-11-10,13.71,14.15,13.59,13.8,13.374542,82428400
2016-11-11,14.12,14.26,13.1,13.94,13.510226,72348900
2016-11-14,14.04,14.05,13.55,13.92,13.490844,36173600
2016-11-15,13.5,14.01,13.46,13.99,13.558684,36880500
2016-11-16,13.7,13.96,13.5,13.8,13.374542,29531100
2016-11-17,13.85,14.02,13.62,13.8,13.374542,26257400
2016-11-18,13.79,13.91,13.57,13.73,13.306701,18153200
2016-11-21,14.21,14.54,14.15,14.51,14.062654,44386700
2016-11-22,14.84,15.18,14.77,15.12,14.653847,51127000
2016-11-23,14.88,16.42,14.85,16.209999,15.710241,68673500
2016-11-25,16.34,16.35,15.82,16,15.506717,29522100
2016-11-28,15.88,16.040001,15.57,15.78,15.293499,28522100
2016-11-29,15.24,15.47,14.85,14.97,14.508472,40857500
2016-11-30,15.4,15.62,15.06,15.35,14.876756,41712200
2016-12-01,15.5,15.84,14.98,15.03,14.566621,31831700
2016-12-02,14.97,15.65,14.93,15.42,14.944598,27354600
2016-12-05,15.8,15.99,15.53,15.87,15.380724,35554000
2016-12-06,15.63,15.96,15.6,15.89,15.400109,24449200
2016-12-07,16,16.08,15.18,15.43,14.95429,39354700
2016-12-08,15.64,15.77,15.28,15.6,15.119049,28296000
2016-12-09,15.81,16.08,15.56,15.75,15.264424,25150200
2016-12-12,15.94,15.96,15.24,15.36,14.886447,24466700
2016-12-13,15.3,15.47,14.52,15.04,14.576314,35342200
2016-12-14,14.87,15.14,14.56,14.65,14.198337,28512000
2016-12-15,14.35,14.97,14.28,14.61,14.159569,29535500
2016-12-16,14.44,14.56,13.83,13.83,13.403617,60084000
2016-12-19,13.6,13.74,13.26,13.55,13.132252,37707700
2016-12-20,13.59,14.29,13.57,14.16,13.723445,24891100
2016-12-21,14.29,14.29,13.97,14.05,13.616836,15014100
2016-12-22,13.99,14.3,13.78,13.8,13.374542,17898100
2016-12-23,13.67,13.9,13.63,13.81,13.384235,12591000
2016-12-27,13.95,14.12,13.72,13.76,13.335775,15942800
2016-12-28,13.97,14.02,13.51,13.57,13.151634,18482600
2016-12-29,13.56,13.61,13.3,13.48,13.064408,15290800
2016-12-30,13.58,13.74,13.13,13.19,12.783349,16761800
2017-01-03,13.49,13.9,13.41,13.78,13.35516,28586200
2017-01-04,14.09,14.84,13.94,14.83,14.372788,36310900
2017-01-05,14.68,15.29,14.41,14.62,14.169263,34956000
2017-01-06,14.73,15,14.57,14.9,14.44063,24449100
2017-01-09,14.85,14.93,14.62,14.68,14.227412,17294300
2017-01-10,15.32,15.73,15.22,15.55,15.07059,44241200
2017-01-11,15.55,15.94,15.23,15.87,15.380724,29752300
2017-01-12,15.61,15.66,15.18,15.27,14.799221,33940200
2017-01-13,15.26,15.28,14.51,15.19,14.721689,33977800
2017-01-17,15.29,15.33,14.91,15.06,14.595698,19347300
2017-01-18,15.08,15.39,14.98,15.24,14.770146,18655600
2017-01-19,15.16,15.41,15.07,15.26,14.789531,13263700
2017-01-20,15.33,15.51,15.28,15.51,15.031824,17979900
2017-01-23,15.72,15.75,15.51,15.72,15.23535,19894000
2017-01-24,16.299999,17.059999,16.110001,17.02,16.49527,56815400
2017-01-25,16.440001,16.65,15.81,16.5,15.991302,70068300
2017-01-26,16.16,16.379999,15.74,15.84,15.351649,41495500
2017-01-27,15.89,16.58,15.81,16.370001,15.865312,31577700
2017-01-30,16.1,16.280001,15.95,16.25,15.749009,27102300
2017-01-31,16.559999,16.700001,16.33,16.65,16.136675,25332200
2017-02-01,16.629999,16.889999,16.41,16.84,16.32082,21112300
2017-02-02,16.690001,16.889999,16.610001,16.809999,16.29174,18116300
2017-02-03,16.5,16.75,15.71,15.83,15.341957,56828600
2017-02-06,16.02,16.15,15.71,16,15.506717,22979900
2017-02-07,16.01,16.08,15.41,15.52,15.041515,38360200
2017-02-08,15.4,15.79,15.23,15.53,15.051208,30199400
2017-02-09,15.53,15.55,15.15,15.39,14.915524,25927700
2017-02-10,16.41,16.559999,15.74,15.8,15.312882,45535300
2017-02-13,16.02,16.190001,15.93,15.96,15.467949,26658000
2017-02-14,15.8,15.99,15.56,15.9,15.409799,23518000
2017-02-15,15.66,15.77,15.35,15.37,14.89614,30520200
2017-02-16,15.33,15.44,15.01,15.07,14.605389,24698300
2017-02-17,15.22,15.31,14.8,14.91,14.450322,24176900
2017-02-21,14.64,14.64,13.92,14.13,13.694369,66063600
2017-02-22,13.9,14.06,13.57,13.73,13.306701,36811000
2017-02-23,13.82,14.04,13.42,13.48,13.064408,30485500
2017-02-24,13.34,13.61,13.16,13.25,12.841501,27410700
2017-02-27,13.37,13.63,13.18,13.27,12.860884,32200900
2017-02-28,13.24,13.63,13.23,13.4,12.986875,28928000
2017-03-01,13.78,14,13.61,13.99,13.558684,32917400
2017-03-02,13.94,13.97,13.29,13.31,12.89965,23774900
2017-03-03,13.42,13.42,13.03,13.2,12.793041,21121800
2017-03-06,12.92,12.95,12.53,12.9,12.502291,27150700
2017-03-07,12.9,13,12.54,12.69,12.298763,19159600
2017-03-08,12.71,12.79,12.35,12.44,12.056471,21033000
2017-03-09,12.23,12.53,12.18,12.4,12.017704,21402300
2017-03-10,12.55,12.62,12.2,12.37,11.988629,22451300
2017-03-13,12.63,12.82,12.46,12.56,12.172772,20029900
2017-03-14,12.4,12.46,12.17,12.27,11.891715,19534200
2017-03-15,12.39,12.97,12.33,12.89,12.492599,24788200
2017-03-16,13.14,13.16,12.75,12.82,12.424756,17108500
2017-03-17,12.92,13.14,12.65,12.76,12.366607,27520300
2017-03-20,12.72,12.9,12.49,12.73,12.337532,14907200
2017-03-21,13.02,13.17,12.53,12.57,12.182464,29225300
2017-03-22,12.63,13.06,12.58,12.86,12.463523,19652600
2017-03-23,12.83,12.98,12.65,12.83,12.434448,16116100
2017-03-24,12.81,12.93,12.72,12.81,12.415065,10865600
2017-03-27,12.24,12.32,11.91,12.21,11.833563,35709300
2017-03-28,12.21,12.66,12.15,12.57,12.182464,23008000
2017-03-29,12.52,12.84,12.45,12.72,12.327839,16076500
2017-03-30,12.75,13.53,12.74,13.31,12.89965,34529100
2017-03-31,13.23,13.59,13.21,13.36,12.948109,22923500
2017-04-03,13.5,13.53,13.01,13.24,12.831808,21672000
2017-04-04,13.56,13.63,13.32,13.54,13.122561,21494800
2017-04-05,13.73,13.83,13.37,13.44,13.025641,19101900
2017-04-06,13.53,13.72,13.35,13.56,13.141942,12784700
2017-04-07,13.41,13.57,13.28,13.37,12.957799,21470400
2017-04-10,13.35,13.62,13.34,13.52,13.103176,11135000
2017-04-11,13.57,13.65,13.37,13.62,13.200093,12461500
2017-04-12,13.44,13.46,12.78,12.88,12.482907,22638500
2017-04-13,12.86,13.02,12.61,12.72,12.327839,14922700
2017-04-17,12.8,12.8,12.5,12.75,12.356914,10973800
2017-04-18,12.58,12.7,12.32,12.47,12.085547,17638400
2017-04-19,12.61,12.64,12.27,12.35,11.969247,16534200
2017-04-20,12.48,12.67,12.36,12.51,12.124313,16023900
2017-04-21,12.46,12.48,12.03,12.23,11.852946,27654400
2017-04-24,12.43,12.62,12.21,12.23,11.852946,32419800
2017-04-25,12.52,13.36,12.39,13.1,12.696124,50570500
2017-04-26,13.02,13.79,12.88,13.5,13.083794,31412500
2017-04-27,13.45,13.47,13,13.01,12.6089,23733400
2017-04-28,13.16,13.19,12.73,12.75,12.356914,22831000
2017-05-01,12.78,12.89,12.51,12.54,12.153389,16787900
2017-05-02,12.48,12.85,12.47,12.72,12.327839,18076900
2017-05-03,12.4,12.41,11.77,12.02,11.649421,36592000
2017-05-04,11.7,11.75,11.42,11.68,11.319904,33475500
2017-05-05,11.71,11.95,11.68,11.8,11.436205,17988400
2017-05-08,11.69,11.74,11.56,11.67,11.310211,18821600
2017-05-09,11.78,11.99,11.62,11.63,11.271444,19405900
2017-05-10,11.75,11.8,11.55,11.72,11.35867,20503800
2017-05-11,11.86,11.88,11.62,11.68,11.319904,14786900
2017-05-12,11.63,11.78,11.49,11.51,11.155145,15584000
2017-05-15,11.73,11.87,11.67,11.75,11.387746,19741800
2017-05-16,11.86,11.86,11.69,11.77,11.407128,17739300
2017-05-17,11.77,11.77,11.35,11.43,11.07761,15935300
2017-05-18,11.31,11.45,11.06,11.29,10.941927,19232700
2017-05-19,11.4,11.85,11.38,11.73,11.368361,30059400
2017-05-22,11.74,11.89,11.6,11.83,11.465279,16212600
2017-05-23,11.8,11.98,11.73,11.88,11.513737,11651700
2017-05-24,11.95,12.06,11.78,11.9,11.53312,14718600
2017-05-25,12,12.24,11.62,11.7,11.339287,18881600
2017-05-26,11.69,11.73,11.52,11.67,11.310211,9747400
2017-05-30,11.76,11.82,11.57,11.67,11.310211,9876100
2017-05-31,11.53,11.56,11.18,11.49,11.135759,25307700
2017-06-01,11.47,11.62,11.37,11.45,11.096993,17577200
2017-06-02,11.3,11.41,11.05,11.29,10.941927,17869900
2017-06-05,11.2,11.51,11.19,11.42,11.067919,12541600
2017-06-06,11.45,11.98,11.31,11.85,11.484663,21800100
2017-06-07,11.9,11.96,11.56,11.72,11.35867,27296100
2017-06-08,11.72,12.24,11.62,12.06,11.688189,24323800
2017-06-09,12.06,12.48,12.05,12.36,11.978938,25821800
2017-06-12,12.36,12.61,12.24,12.34,11.959556,24309900
2017-06-13,12.28,12.44,12.21,12.36,11.978938,10095600
2017-06-14,12.46,12.46,12.01,12.09,11.717263,20053300
2017-06-15,11.97,12.09,11.48,11.5,11.145452,22287000
2017-06-16,11.5,11.61,11.2,11.42,11.067919,22596200
2017-06-19,11.51,11.68,11.47,11.59,11.232677,14190100
2017-06-20,11.4,11.41,11.13,11.24,10.893467,16799300
2017-06-21,11.28,11.45,11.12,11.21,10.864392,12554700
2017-06-22,11.19,11.64,11.15,11.45,11.096993,14726500
2017-06-23,11.53,11.81,11.35,11.76,11.397437,20746900
2017-06-26,11.9,11.96,11.73,11.82,11.455586,13970200
2017-06-27,11.98,12.14,11.72,11.72,11.35867,14693900
2017-06-28,11.86,12.09,11.68,11.99,11.620346,12231500
2017-06-29,12.1,12.33,11.98,12.08,11.707571,16257000
2017-06-30,12.12,12.19,11.89,12.01,11.639729,14791100
2017-07-03,12.08,12.31,12.06,12.2,11.823871,8517400
2017-07-05,12.2,12.36,11.98,12.17,11.794798,13967000
2017-07-06,12.09,12.21,11.86,11.89,11.523429,12965500
2017-07-07,11.92,12,11.71,11.9,11.53312,12151400
2017-07-10,11.82,12.64,11.78,12.52,12.134007,24245200
2017-07-11,12.52,12.63,12.17,12.58,12.192155,19193800
2017-07-12,12.42,12.61,12.2,12.27,11.891715,23912500
2017-07-13,12.34,12.57,12.3,12.48,12.095239,17865300
2017-07-14,12.51,12.69,12.51,12.6,12.211539,11896500
2017-07-17,12.78,13.36,12.72,13,12.599207,27319800
2017-07-18,12.98,13.02,12.76,13,12.599207,15330900
2017-07-19,13.03,13.19,12.96,13.11,12.705817,14095000
2017-07-20,13.12,13.21,12.8,13.04,12.637974,13210900
2017-07-21,13.04,13.19,12.9,13.01,12.6089,11718700
2017-07-24,13.01,13.08,12.79,12.96,12.560441,14713200
2017-07-25,13.35,14.99,13.31,14.87,14.411555,74121800
2017-07-26,14.69,15.27,14.41,15.06,14.595698,37215700
2017-07-27,15.06,15.1,14.45,14.5,14.05296,32957100
2017-07-28,14.5,14.8,14.45,14.6,14.149879,17858300
2017-07-31,14.8,14.9,14.54,14.62,14.169263,17123900
2017-08-01,14.6,14.69,14.22,14.49,14.043269,19010000
2017-08-02,14.14,14.5,14.06,14.37,13.92697,17689400
2017-08-03,14.34,14.58,14.17,14.37,13.92697,20389100
2017-08-04,14.45,14.66,14.35,14.41,13.965737,14822800
2017-08-07,14.56,14.85,14.5,14.7,14.246796,14260500
2017-08-08,14.63,14.85,14.41,14.47,14.023887,15750600
2017-08-09,14.47,14.61,14.28,14.59,14.140187,13142600
2017-08-10,14.47,14.58,14.12,14.15,13.713752,17626000
2017-08-11,14,14.1,13.82,13.96,13.52961,19768300
2017-08-14,14.09,14.24,13.99,14.15,13.713752,17354000
2017-08-15,14,14.24,13.9,13.97,13.539302,14954900
2017-08-16,14.28,14.84,14.18,14.77,14.314639,24242900
2017-08-17,14.62,14.75,14.17,14.2,13.762211,18107400
2017-08-18,14.06,14.34,13.92,14.15,13.713752,15434300
2017-08-21,14.54,14.89,14.48,14.73,14.27587,23227700
2017-08-22,14.91,15.46,14.88,15.07,14.605389,31871100
2017-08-23,14.99,15.38,14.92,15.29,14.818605,20105800
2017-08-24,15.29,15.64,15.16,15.49,15.01244,22766000
2017-08-25,15.71,15.75,15.13,15.29,14.818605,18066300
2017-08-28,15.4,15.67,15.38,15.53,15.051208,13379300
2017-08-29,15.5,15.5,14.64,15.21,14.741073,30041500
2017-08-30,15.15,15.17,14.54,14.56,14.111113,23625900
2017-08-31,14.83,14.98,14.59,14.78,14.324329,19899600
2017-09-01,14.93,15.2,14.92,15.07,14.605389,12883200
2017-09-05,15.23,15.38,14.58,14.79,14.334022,20255000
2017-09-06,14.5,15.11,14.5,15.06,14.595698,15729800
2017-09-07,15.06,15.25,14.87,15.21,14.741073,15432400
2017-09-08,14.97,14.97,14.13,14.24,13.800978,27484000
2017-09-11,14.48,14.6,14.34,14.39,13.946353,19728100
2017-09-12,14.3,14.48,14.07,14.3,13.859129,20798600
2017-09-13,14.02,14.08,13.83,13.94,13.510226,23721600
2017-09-14,13.85,13.92,13.65,13.86,13.432693,17270200
2017-09-15,13.82,14.05,13.82,13.88,13.452077,21270500
2017-09-18,13.9,14.24,13.89,14.13,13.694369,14095900
2017-09-19,14.15,14.56,13.96,14.48,14.033579,21264600
2017-09-20,14.53,14.68,13.95,14.18,13.742827,18449500
2017-09-21,13.93,14.24,13.82,13.98,13.548992,16535200
2017-09-22,13.9,14.34,13.88,14.06,13.626527,12562800
2017-09-25,13.99,14.06,13.76,13.89,13.461769,15655900
2017-09-26,13.98,14.16,13.9,13.99,13.558684,13522200
2017-09-27,14.1,14.12,13.85,14,13.568377,11806200
2017-09-28,14,14.56,13.85,14.42,13.975429,20050600
2017-09-29,14.4,14.41,13.96,14.04,13.607143,15716600
2017-10-02,13.98,14.34,13.97,14.34,13.897895,14783800
2017-10-03,14.42,14.67,14.26,14.64,14.188645,13404400
2017-10-04,14.68,14.87,14.52,14.53,14.082036,15923700
2017-10-05,14.87,15.39,14.65,14.75,14.295255,25633000
2017-10-06,14.61,14.67,14.26,14.33,13.888204,16569700
2017-10-09,14.3,14.46,14.18,14.32,13.878511,9521700
2017-10-10,14.49,14.69,14.36,14.41,13.965737,13056000
2017-10-11,14.36,14.55,14.27,14.43,13.985121,14389000
2017-10-12,14.53,14.68,14.45,14.51,14.062654,14161500
2017-10-13,14.8,14.87,14.64,14.75,14.295255,13737500
2017-10-16,15.26,15.59,15.04,15.27,14.799221,26132000
2017-10-17,15.02,15.06,14.66,14.93,14.469706,22915200
2017-10-18,14.78,14.9,14.62,14.83,14.372788,15252000
2017-10-19,14.73,14.84,14.45,14.81,14.353406,15985600
2017-10-20,14.92,15.04,14.71,14.83,14.372788,14307100
2017-10-23,14.85,14.91,14.76,14.81,14.353406,16018400
2017-10-24,15,15.23,14.9,15.23,14.760454,20956000
2017-10-25,15.26,15.58,14.44,14.7,14.246796,30437900
2017-10-26,14.83,14.9,14.6,14.69,14.237103,16863100
2017-10-27,14.23,14.32,13.9,14.13,13.694369,22874000
2017-10-30,14.06,14.26,13.94,13.94,13.510226,15066100
2017-10-31,13.94,14.04,13.84,13.98,13.548992,14397600
2017-11-01,14.4,14.69,14.27,14.38,13.936663,18478800
2017-11-02,14.27,14.57,14.15,14.23,13.791286,13059600
2017-11-03,14.2,14.27,14.04,14.15,13.713752,8681300
2017-11-06,14.33,14.65,14.25,14.64,14.188645,14020600
2017-11-07,14.49,14.57,14.36,14.55,14.10142,10559000
2017-11-08,14.62,14.94,14.48,14.86,14.401864,15949400
2017-11-09,14.64,14.8,14.47,14.72,14.26618,15859900
2017-11-10,14.73,14.98,14.39,14.41,13.965737,13518200
2017-11-13,14.33,14.64,14.31,14.43,13.985121,9908200
2017-11-14,14.28,14.3,13.57,13.8,13.374542,27677700
2017-11-15,13.59,13.79,13.22,13.63,13.209785,17992800
2017-11-16,13.71,13.77,13.49,13.62,13.200093,13654200
2017-11-17,13.51,13.93,13.5,13.86,13.432693,15334600
2017-11-20,13.74,14.03,13.73,13.95,13.519917,13823700
2017-11-21,14.1,14.29,14.07,14.15,13.713752,12985300
2017-11-22,14.23,14.31,14.11,14.24,13.800978,9338900
2017-11-24,14.28,14.54,14.25,14.35,13.907587,6136300
2017-11-27,14.25,14.3,13.97,14.09,13.655602,11047400
2017-11-28,13.96,14.25,13.88,14.21,13.771903,11794100
2017-11-29,13.94,14.19,13.84,14.01,13.578069,11271300
2017-11-30,14.1,14.15,13.84,13.92,13.490844,18073300
2017-12-01,13.94,14.31,13.84,14.11,13.674985,13706100
2017-12-04,14.25,14.65,14.2,14.3,13.859129,16979000
2017-12-05,14.05,14.14,13.81,14.11,13.674985,19535200
2017-12-06,14.11,14.46,14.11,14.35,13.907587,22659400
2017-12-07,14.2,14.87,14.2,14.84,14.38248,20610000
2017-12-08,14.97,15,14.85,14.97,14.508472,12024500
2017-12-11,15.05,15.16,14.95,15.02,14.556931,15509000
2017-12-12,15.15,15.75,15.11,15.71,15.225657,24138500
2017-12-13,15.7,16.35,15.68,16.32,15.816851,27314300
2017-12-14,16.32,16.440001,16.15,16.190001,15.69086,23485200
2017-12-15,16.389999,16.99,16.379999,16.98,16.456505,36566000
2017-12-18,16.98,17.459999,16.82,17.35,16.815096,25429200
2017-12-19,17.280001,17.450001,17.200001,17.33,16.795713,17764800
2017-12-20,17.52,17.68,17.370001,17.66,17.115538,20886500
2017-12-21,17.799999,18.35,17.73,18.18,17.619507,20761700
2017-12-22,18.190001,18.309999,18.01,18.1,17.541975,13649100
2017-12-26,18.1,18.790001,18.030001,18.67,18.094402,16561200
2017-12-27,18.73,19.059999,18.5,18.690001,18.113787,17299500
2017-12-28,18.84,19.299999,18.700001,19.27,18.675901,18291700
2017-12-29,19.370001,19.450001,18.68,18.959999,18.375458,15589700
2018-01-02,19.049999,19.790001,18.98,19.77,19.160486,21899900
2018-01-03,19.809999,19.85,19.16,19.469999,18.869736,20673600
2018-01-04,19.629999,19.82,19.32,19.74,19.131411,19540500
2018-01-05,19.690001,19.91,19.530001,19.9,19.286478,13870600
2018-01-08,19.959999,19.99,19.719999,19.809999,19.199255,15237200
2018-01-09,19.780001,19.790001,18.85,18.92,18.336691,32628500
2018-01-10,19.07,19.74,19,19.51,18.908504,28035200
2018-01-11,19.639999,19.940001,19.370001,19.879999,19.267096,21236100
2018-01-12,19.940001,20.07,19.610001,19.75,19.141104,14187600
2018-01-16,19.5,19.75,19.129999,19.32,18.72436,22835400
2018-01-17,19.34,19.82,19.309999,19.77,19.160486,16886600
2018-01-18,19.700001,19.809999,19.370001,19.4,18.801891,23341000
2018-01-19,19.48,20.16,19.41,19.959999,19.344627,22636100
2018-01-22,19.85,20.18,19.690001,19.99,19.373707,17637600
2018-01-23,19.6,19.719999,18.940001,19.549999,18.947268,27792100
2018-01-24,19.889999,20.139999,19.4,19.6,18.995731,26371300
2018-01-25,19.959999,20.25,19.33,19.82,19.208944,31662900
2018-01-26,19.700001,19.73,19.360001,19.540001,18.937578,18346700
2018-01-29,19.5,19.76,19.360001,19.629999,19.024799,17668900
2018-01-30,19.469999,19.709999,19.110001,19.129999,18.540216,16342600
2018-01-31,19.440001,19.58,19.290001,19.5,18.898813,15107600
2018-02-01,19.450001,19.690001,19.299999,19.450001,18.850353,10716700
2018-02-02,19.26,19.280001,17.93,17.969999,17.415981,25449200
2018-02-05,18.139999,18.65,17.360001,17.65,17.105848,29892000
2018-02-06,17.24,18.790001,17.07,18.74,18.162243,38602400
2018-02-07,18.370001,18.48,17.77,17.860001,17.309374,31024200
2018-02-08,17.870001,18.129999,16.860001,17.16,16.630955,29904000
2018-02-09,17.440001,17.75,16.639999,17.57,17.028313,34794800
2018-02-12,17.74,17.889999,17.379999,17.57,17.028313,26314100
2018-02-13,17.65,17.969999,17.5,17.799999,17.251221,23234600
2018-02-14,17.559999,19.18,17.33,19.120001,18.530525,35128700
2018-02-15,19.27,19.35,18.77,19.120001,18.530525,21663100
2018-02-16,19.040001,19.26,18.65,18.73,18.152554,16549400
2018-02-20,18.32,18.76,18.27,18.43,17.861801,12946500
2018-02-21,18.440001,19.139999,18.440001,18.73,18.152554,16481500
2018-02-22,18.93,19.4,18.91,19.16,18.569292,16885300
2018-02-23,19.17,19.629999,19.17,19.549999,18.947268,15111700
2018-02-26,19.6,19.74,19.26,19.530001,18.927887,13857800
2018-02-27,19.4,19.42,18.940001,19.09,18.50145,15050400
2018-02-28,18.98,19.17,18.6,18.6,18.02656,17068400
2018-03-01,18.75,18.75,18.200001,18.540001,17.968409,15127700
2018-03-02,18.280001,18.540001,18.040001,18.32,17.755194,16260600
2018-03-05,18.190001,18.389999,18.049999,18.190001,17.6292,16410800
2018-03-06,18.6,18.889999,18.42,18.700001,18.123476,18429800
2018-03-07,18.35,18.52,18.07,18.120001,17.561357,13955300
2018-03-08,18.030001,18.110001,17.709999,17.870001,17.319063,12134400
2018-03-09,18.110001,18.440001,18.08,18.43,17.861801,15467400
2018-03-12,18.389999,18.58,18.190001,18.559999,17.987793,10999100
2018-03-13,18.709999,18.860001,18.41,18.48,17.910257,12003000
2018-03-14,18.82,18.950001,18.6,18.66,18.084709,12497300
2018-03-15,18.629999,18.73,18.35,18.41,17.842417,10488800
2018-03-16,18.5,18.58,18.33,18.360001,17.793959,15208200
2018-03-19,18.26,18.290001,17.91,18.049999,17.493513,11531500
2018-03-20,18.16,18.58,18.120001,18.49,17.91995,16664700
2018-03-21,18.6,19.24,18.57,19.18,18.588675,15725900
2018-03-22,18.9,18.92,18.049999,18.049999,17.493513,17976600
2018-03-23,18.139999,18.23,17.51,17.52,16.979856,16437500
2018-03-26,17.73,17.799999,17.33,17.75,17.202765,12987800
2018-03-27,17.870001,17.870001,17.120001,17.24,16.708488,15943300
2018-03-28,17.219999,17.25,16.51,16.75,16.233591,19249200
2018-03-29,16.879999,17.6,16.879999,17.57,17.028313,16127800
2018-04-02,17.57,17.76,16.99,17.139999,16.61157,14724900
2018-04-03,17.16,17.459999,17.049999,17.379999,16.84417,12783400
2018-04-04,16.9,17.360001,16.620001,17.34,16.805407,16268900
2018-04-05,17.469999,18.110001,17.450001,18.110001,17.551664,17297500
2018-04-06,17.809999,17.969999,17.209999,17.33,16.795713,16346600
2018-04-09,17.450001,17.66,17.07,17.43,16.892632,14785100
2018-04-10,17.92,18.34,17.700001,18.200001,17.638893,14184900
2018-04-11,18.1,18.17,17.9,17.98,17.425671,11123700
2018-04-12,17.84,17.969999,17.48,17.860001,17.357641,12857700
2018-04-13,18,18.08,17.68,17.870001,17.367361,9707000
2018-04-16,18.09,18.219999,17.83,18.16,17.649202,12325600
2018-04-17,18.190001,18.41,18,18.299999,17.785267,10121700
2018-04-18,18.82,19.360001,18.809999,19.18,18.640512,19424200
2018-04-19,19.18,19.700001,18.98,19.57,19.019543,22122700
2018-04-20,19.59,19.68,19.16,19.360001,18.815451,13230200
2018-04-23,18.959999,19.27,18.709999,18.809999,18.280918,14924600
2018-04-24,18.4,18.4,15.61,16.08,15.627707,77549000
2018-04-25,15.93,16.059999,15.32,15.37,14.937679,39947100
2018-04-26,15.5,15.71,15.12,15.63,15.190366,31647200
2018-04-27,15.33,15.53,15.16,15.32,14.889085,16203700
2018-04-30,15.32,15.49,15.19,15.21,14.78218,17564400
2018-05-01,15.12,15.3,14.64,14.95,14.529491,19461300
2018-05-02,15.23,15.37,14.96,15.11,14.684992,20459700
2018-05-03,15.28,15.35,14.99,15.21,14.78218,18971900
2018-05-04,15.12,15.55,15.07,15.42,14.986273,15428800
2018-05-07,15.48,15.67,15.22,15.26,14.830773,13111300
2018-05-08,15.19,15.35,14.99,15.3,14.869648,12799300
2018-05-09,15.39,15.76,15.39,15.68,15.23896,14097200
2018-05-10,15.92,16.41,15.89,16.219999,15.763768,19718600
2018-05-11,16.27,16.530001,16.18,16.27,15.812364,12881800
2018-05-14,16.35,16.469999,16.08,16.200001,15.744333,10837300
2018-05-15,15.98,16.09,15.69,15.96,15.511084,14673800
2018-05-16,16.08,16.9,16.07,16.639999,16.171957,18976000
2018-05-17,16.67,16.98,16.66,16.780001,16.30802,18221800
2018-05-18,16.700001,17.17,16.690001,16.870001,16.395489,16113200
2018-05-21,17.07,17.110001,16.549999,16.690001,16.220551,13431100
2018-05-22,16.940001,17.780001,16.66,17.17,16.687052,27675900
2018-05-23,17.07,17.379999,16.799999,17.35,16.861986,18864500
2018-05-24,17.299999,17.52,17.08,17.379999,16.891142,13010000
2018-05-25,17.200001,17.299999,16.940001,17.08,16.599583,9003300
2018-05-29,16.82,17.200001,16.610001,16.65,16.181675,12993400
2018-05-30,16.809999,17.24,16.719999,17.120001,16.638456,13255700
2018-05-31,17.24,17.370001,16.860001,16.9,16.424643,15414400
2018-06-01,17.17,17.34,16.93,17.120001,16.638456,12802000
2018-06-04,17.26,17.459999,17.139999,17.209999,16.725924,9196300
2018-06-05,17.35,17.76,17.290001,17.65,17.153549,14530800
2018-06-06,17.83,18.23,17.68,18.200001,17.688078,20784800
2018-06-07,18.190001,18.379999,17.68,17.93,17.425673,15733500
2018-06-08,17.950001,18.139999,17.860001,18.030001,17.52286,10326200
2018-06-11,17.950001,18.360001,17.9,18.190001,17.678358,12672600
2018-06-12,18.110001,18.18,17.67,17.860001,17.357641,11926300
2018-06-13,17.9,18.09,17.67,17.809999,17.309048,9608100
2018-06-14,17.92,17.99,17.51,17.58,17.085518,12549400
2018-06-15,17.35,17.35,16.639999,16.889999,16.414927,22848300
2018-06-18,16.700001,16.91,16.57,16.799999,16.327457,13392700
2018-06-19,16.379999,16.43,15.89,16.26,15.802646,17789100
2018-06-20,16.35,16.43,16.110001,16.299999,15.841521,11160300
2018-06-21,16.27,16.559999,16.26,16.360001,15.899834,12194700
2018-06-22,16.690001,16.790001,16.389999,16.440001,15.977584,19348900
2018-06-25,16.190001,16.309999,15.46,15.74,15.297271,14838900
2018-06-26,15.8,16.27,15.66,16.25,15.79293,16300000
2018-06-27,16.309999,17.02,16.24,16.9,16.424643,24679200
2018-06-28,16.68,16.92,16.219999,16.790001,16.317739,17572300
2018-06-29,17,17.459999,16.959999,17.26,16.774519,19795500
2018-07-02,17.02,17.17,16.790001,17.16,16.67733,14426400
2018-07-03,17.200001,17.549999,16.93,17.07,16.589863,8460000
2018-07-05,17.07,17.370001,16.66,16.969999,16.492674,17618100
2018-07-06,16.92,17.610001,16.690001,17.51,17.017487,15283900
2018-07-09,17.860001,18.129999,17.559999,18.110001,17.600611,16786000
2018-07-10,17.950001,18.139999,17.83,18.110001,17.600611,15083800
2018-07-11,17.52,17.73,17.209999,17.41,16.920298,26590600
2018-07-12,17.67,17.799999,17.200001,17.290001,16.852074,20100400
2018-07-13,17.030001,17.129999,16.459999,16.799999,16.374483,26062200
2018-07-16,16.82,16.950001,16.540001,16.77,16.345242,15983200
2018-07-17,16.700001,17.040001,16.67,16.77,16.345242,15905000
2018-07-18,16.75,17.200001,16.379999,17.08,16.64739,19202600
2018-07-19,16.450001,16.469999,15.65,15.8,15.399813,38238700
2018-07-20,15.78,16.15,15.67,15.75,15.351078,20405000
2018-07-23,15.78,16.030001,15.49,15.83,15.429052,21358500
2018-07-24,16.530001,16.59,15.99,16.07,15.662971,28247000
2018-07-25,16.08,16.43,15.06,15.86,15.458291,35148000
2018-07-26,15.8,16,15.73,15.97,15.565506,13221200
2018-07-27,16.049999,16.27,15.81,15.99,15.584999,11573900
2018-07-30,16,16.299999,16,16.08,15.672719,9135500
2018-07-31,16.24,16.620001,16.200001,16.5,16.082081,12271000
2018-08-01,16.120001,16.16,15.57,15.58,15.185383,19388900
2018-08-02,15.41,15.52,15.23,15.43,15.039183,20206500
2018-08-03,15.58,15.85,15.52,15.71,15.312091,11971000
2018-08-06,15.52,15.53,15.22,15.4,15.009943,16632600
2018-08-07,15.7,15.81,15.34,15.36,14.970956,11081800
2018-08-08,15.41,15.59,15.28,15.39,15.000196,13128800
2018-08-09,15.74,15.76,15.29,15.31,14.922222,15046400
2018-08-10,15.11,15.21,15.02,15.11,14.727289,13921800
2018-08-13,15.2,15.26,14.91,14.92,14.5421,16222300
2018-08-14,14.97,15.13,14.6,14.8,14.425139,16722600
2018-08-15,14.21,14.32,13.28,13.66,13.314014,35976400
2018-08-16,13.88,14.24,13.74,13.77,13.421227,17867200
2018-08-17,13.79,14.02,13.53,13.97,13.616163,21904700
2018-08-20,14.14,14.21,13.83,14.12,13.762363,12683000
2018-08-21,14.15,14.44,14.06,14.32,13.957297,15806000
2018-08-22,14.4,14.57,14.23,14.53,14.161977,12230400
2018-08-23,14.34,14.35,13.97,14.18,13.820842,17069100
2018-08-24,14.54,14.79,14.36,14.47,14.103498,13288900
2018-08-27,14.47,14.84,14.45,14.73,14.356913,10476700
2018-08-28,14.92,14.96,14.59,14.66,14.288686,12144200
2018-08-29,14.58,14.79,14.42,14.67,14.298431,10064100
2018-08-30,14.47,14.51,14.03,14.15,13.791602,15530800
2018-08-31,14.1,14.31,13.95,14.05,13.694138,14284800
2018-09-04,13.63,13.73,13.39,13.48,13.138573,19908400
2018-09-05,13.54,13.74,13.4,13.67,13.323762,17341700
2018-09-06,13.81,13.99,13.5,13.57,13.226294,13986300
2018-09-07,13.37,13.56,13.05,13.18,12.846172,26776300
2018-09-10,13.29,13.41,13.18,13.2,12.865665,11848900
2018-09-11,12.85,13.09,12.18,13.04,12.709717,15438400
2018-09-12,13.11,13.78,13.03,13.63,13.284775,25530600
2018-09-13,13.96,14.05,13.5,13.58,13.236041,15259600
2018-09-14,13.64,13.89,13.52,13.69,13.343253,13819800
2018-09-17,13.7,13.98,13.66,13.72,13.372495,13739900
2018-09-18,14,14.25,13.92,14.01,13.655149,21543100
2018-09-19,14.12,14.66,14.12,14.3,13.937805,24725400
2018-09-20,14.57,14.73,14.28,14.39,14.025525,23289900
2018-09-21,14.83,14.9,14.55,14.61,14.239952,52922200
2018-09-24,14.6,14.75,14.24,14.24,13.879324,20775200
2018-09-25,14.4,14.57,14.19,14.49,14.122991,15317800
2018-09-26,14.27,14.42,13.99,14,13.645403,16234500
2018-09-27,13.79,13.88,13.51,13.87,13.518695,20502600
2018-09-28,13.85,14.06,13.8,13.92,13.56743,16080600
2018-10-01,13.81,13.9,13.6,13.7,13.353001,15925600
2018-10-02,13.72,14.1,13.68,13.89,13.53819,14328200
2018-10-03,13.93,14.28,13.85,13.95,13.596668,20127400
2018-10-04,14.03,14.08,13.45,13.63,13.284775,23346400
2018-10-05,13.46,13.48,13.22,13.27,12.933894,19861600
2018-10-08,13.1,13.38,12.97,13.29,12.953385,16162200
2018-10-09,13.25,13.38,12.98,13.18,12.846172,11831100
2018-10-10,12.94,12.99,12.51,12.77,12.446557,26419400
2018-10-11,12.79,13.36,12.67,13.23,12.894904,31623400
2018-10-12,13.46,13.47,12.63,12.74,12.464422,31107300
2018-10-15,12.82,13.06,12.82,12.83,12.552476,19083600
2018-10-16,12.89,12.91,12.48,12.68,12.405723,20373000
2018-10-17,12.7,12.84,12.33,12.4,12.131778,23013100
2018-10-18,12.15,12.48,12.06,12.14,11.877401,21377700
2018-10-19,12.14,12.33,11.94,12.02,11.759998,15817300
2018-10-22,12.07,12.1,11.84,12,11.740429,12401600
2018-10-23,11.6,11.71,11.25,11.61,11.358866,24002400
2018-10-24,11.71,11.99,10.59,10.7,10.46855,45767700
2018-10-25,10.91,11.66,10.7,11.25,11.006653,34417700
2018-10-26,10.9,11.58,10.87,11.5,11.251245,28577600
2018-10-29,11.68,11.77,10.96,11.09,10.850114,25835200
2018-10-30,10.99,11.49,10.95,11.41,11.163192,22696200
2018-10-31,11.57,11.78,11.38,11.65,11.398001,23361800
2018-11-01,11.86,12.47,11.76,12.28,12.014373,21668100
2018-11-02,12.48,12.69,12.01,12.24,11.975238,19501300
2018-11-05,12.2,12.33,12.06,12.22,11.955672,9791300
2018-11-06,12.23,12.39,12.13,12.2,11.936103,11479300
2018-11-07,12.17,12.35,12.04,12.33,12.063292,14378300
2018-11-08,12.21,12.27,11.87,11.93,11.671943,14289300
2018-11-09,11.56,11.61,11.18,11.35,11.10449,21444400
2018-11-12,11.43,11.46,11.07,11.16,10.9186,14531600
2018-11-13,11.16,11.5,11.06,11.25,11.006653,17216400
2018-11-14,11.3,11.63,11.24,11.54,11.29038,16141900
2018-11-15,11.56,12.18,11.51,11.96,11.701295,23687300
2018-11-16,11.97,12.11,11.76,11.96,11.701295,15981800
2018-11-19,11.91,12.01,11.48,11.51,11.261029,16917600
2018-11-20,11.27,11.27,10.77,10.88,10.644656,21391200
2018-11-21,11.1,11.49,11.03,11.41,11.163192,17056200
2018-11-23,11.08,11.1,10.76,10.77,10.537036,7880800
2018-11-26,10.75,11.22,10.71,11.09,10.850114,10586300
2018-11-27,10.89,11.27,10.86,11.24,10.996868,20866200
2018-11-28,11.33,11.99,10.98,11.97,11.71108,29088100
2018-11-29,11.9,12,11.62,11.82,11.564323,19450700
2018-11-30,11.71,11.99,11.58,11.94,11.681727,17146000
2018-12-03,12.45,12.67,12.05,12.09,11.828483,27171000
2018-12-04,12.2,12.31,11.41,11.5,11.251245,22402700
2018-12-06,11.04,11.16,10.73,11.15,10.908816,25177100
2018-12-07,11.25,11.49,10.9,10.92,10.683792,21263900
2018-12-10,10.86,10.93,10.45,10.69,10.458766,17917900
2018-12-11,11.01,11.14,10.61,10.76,10.527252,19184200
2018-12-12,10.96,11.37,10.95,11.07,10.830545,15313400
2018-12-13,11.23,11.3,10.79,10.92,10.683792,17063900
2018-12-14,10.64,10.9,10.39,10.57,10.341361,26978300
2018-12-17,10.58,10.96,10.41,10.59,10.360929,16416800
2018-12-18,10.64,11.14,10.44,10.6,10.370713,29402100
2018-12-19,10.63,11.04,10.03,10.18,9.959799,26465400
2018-12-20,10.31,10.51,10,10.24,10.0185,23589600
2018-12-21,10.36,10.48,9.99,10.05,9.83261,30525400
2018-12-24,9.93,10.08,9.72,9.78,9.56845,9724400
2018-12-26,9.9,10.4,9.6,10.4,10.175039,19614900
2018-12-27,10.14,10.69,10.02,10.67,10.439198,20161100
2018-12-28,10.74,10.88,10.37,10.47,10.243526,20165600
2018-12-31,10.47,10.51,10.04,10.31,10.086986,16811000
2019-01-02,10.01,10.5,9.93,10.36,10.135902,17940900
2019-01-03,10.27,10.39,9.84,10.07,9.852178,22417600
2019-01-04,10.48,10.93,10.33,10.82,10.585953,25597600
2019-01-07,10.96,11.22,10.81,11,10.762061,16813100
2019-01-08,11.15,11.27,10.98,11.2,10.957734,22809600
2019-01-09,11.34,11.6,11.18,11.51,11.261029,20616000
2019-01-10,11.33,11.53,11.24,11.51,11.261029,19481400
2019-01-11,11.51,11.74,11.37,11.6,11.349083,21532900
2019-01-14,11.41,11.64,11.4,11.55,11.349083,16085200
2019-01-15,11.85,11.97,11.44,11.57,11.368734,26038900
2019-01-16,11.71,11.97,11.63,11.89,11.683167,22312700
2019-01-17,11.9,12.22,11.86,12.13,11.918993,23115300
2019-01-18,12.32,12.65,12.28,12.56,12.341514,31366400
2019-01-22,12.27,12.41,12.11,12.38,12.164644,26656300
2019-01-23,12.4,12.55,12.18,12.31,12.095862,25720300
2019-01-24,11.47,11.88,10.6,10.7,10.513869,66363100
2019-01-25,10.97,11.48,10.7,11.24,11.044475,36134500
2019-01-28,11.02,11.05,10.2,10.28,10.101173,54798400
2019-01-29,10.43,10.59,10.26,10.45,10.268217,38234100
2019-01-30,10.62,11.35,10.6,11.27,11.073954,37813200
2019-01-31,11.23,11.76,11.21,11.64,11.437517,31833200
2019-02-01,11.56,11.63,11.4,11.51,11.309779,24240200
2019-02-04,11.44,11.97,11.42,11.86,11.653689,21269300
2019-02-05,11.9,12.01,11.77,11.87,11.663515,18497100
2019-02-06,11.86,12.05,11.78,11.91,11.70282,18136700
2019-02-07,11.85,12.14,11.8,11.86,11.653689,25184000
2019-02-08,11.85,11.95,11.4,11.61,11.408038,23718200
2019-02-11,11.5,11.62,11.45,11.53,11.329431,15561600
2019-02-12,11.55,11.7,11.47,11.49,11.290126,15617900
2019-02-13,12.02,12.36,11.9,12.29,12.07621,36169400
2019-02-14,12.14,12.3,12.05,12.16,11.948471,15313400
2019-02-15,12.38,12.62,12.23,12.28,12.066383,16573400
2019-02-19,12.63,13.26,12.53,13.09,12.862293,35617600
2019-02-20,13.64,13.86,13.29,13.35,13.11777,38188400
2019-02-21,13.19,13.27,12.88,13.02,12.793511,20123200
2019-02-22,13.4,13.4,13.08,13.22,12.990031,23876800
2019-02-25,13.25,13.31,13.11,13.26,13.029336,20071800
2019-02-26,13.18,13.29,13.02,13.18,12.950728,13448100
2019-02-27,13.25,13.28,13.09,13.16,12.931076,17655100
2019-02-28,13.06,13.12,12.82,12.9,12.675597,21053700
2019-03-01,12.98,13.15,12.79,12.87,12.64612,15988500
2019-03-04,12.87,12.9,12.49,12.78,12.557687,18449000
2019-03-05,12.87,12.9,12.59,12.84,12.616643,17481200
2019-03-06,12.88,12.91,12.51,12.54,12.321861,13683700
2019-03-07,12.5,12.53,12.13,12.31,12.095862,12689900
2019-03-08,12.09,12.11,11.78,12.09,11.879689,16287900
2019-03-11,12.13,12.37,12.06,12.36,12.144992,13129200
2019-03-12,12.54,12.8,12.47,12.65,12.429947,13272700
2019-03-13,12.8,12.83,12.55,12.66,12.439773,12709900
2019-03-14,12.5,12.67,12.3,12.32,12.105686,15132500
2019-03-15,12.32,12.54,12.29,12.35,12.135166,15387400
2019-03-18,12.53,12.63,12.43,12.62,12.400469,12641600
2019-03-19,12.8,13.04,12.63,12.68,12.459426,14700800
2019-03-20,12.63,12.97,12.32,12.82,12.596991,22588400
2019-03-21,12.71,13,12.62,12.92,12.69525,18399400
2019-03-22,12.73,12.76,12.11,12.18,11.968123,20823900
2019-03-25,12.21,12.6,12.15,12.38,12.164644,13195100
2019-03-26,12.49,12.72,12.46,12.7,12.479078,14315600
2019-03-27,12.74,12.93,12.53,12.71,12.488904,12661300
2019-03-28,12.66,12.87,12.58,12.73,12.508555,9593400
2019-03-29,13.05,13.2,12.75,12.89,12.665773,16889300
2019-04-01,13.16,13.37,13.04,13.1,12.87212,19060700
2019-04-02,13.15,13.28,12.86,13.12,12.891772,17950300
2019-04-03,13.33,13.48,13.1,13.16,12.931076,20937800
2019-04-04,13.07,13.6,12.99,13.56,13.324118,20719000
2019-04-05,13.57,13.6,13.32,13.33,13.098118,14640900
2019-04-08,13.45,13.74,13.45,13.74,13.500986,17947100
2019-04-09,13.71,13.71,13.21,13.38,13.147249,16000200
2019-04-10,13.41,13.57,13.34,13.49,13.255335,12390500
2019-04-11,13.34,13.47,13.15,13.41,13.176726,16534500
2019-04-12,13.63,13.98,13.61,13.7,13.512063,26915900
2019-04-15,13.63,13.72,13.45,13.69,13.502199,15439300
2019-04-16,13.67,14.18,13.65,14.16,13.965753,20299800
2019-04-17,14.37,14.68,14.09,14.2,14.005204,31700500
2019-04-18,14.05,14.15,13.78,14,13.807948,27426700
2019-04-22,13.88,13.91,13.25,13.65,13.462749,24351200
2019-04-23,13.65,13.69,13.26,13.46,13.275356,19119400
2019-04-24,13.39,13.61,13.18,13.58,13.393708,31512700
2019-04-25,13.03,13.1,12.15,12.21,12.042502,46459300
2019-04-26,12.26,12.69,12.23,12.5,12.328525,23605200
2019-04-29,12.45,12.59,12.3,12.43,12.259486,15525500
2019-04-30,12.37,12.52,12.17,12.31,12.141131,19578600
2019-05-01,12.19,12.25,11.66,11.71,11.549362,31549800
2019-05-02,11.55,11.74,11.42,11.51,11.352106,21879600
2019-05-03,11.65,12.01,11.61,11.95,11.786069,23411700
2019-05-06,11.46,11.78,11.45,11.72,11.559224,19892000
2019-05-07,11.58,11.7,11.37,11.44,11.283065,22783300
2019-05-08,11.35,11.58,11.24,11.37,11.214025,18093300
2019-05-09,11.23,11.39,10.95,11.28,11.12526,17882700
2019-05-10,11.16,11.44,10.93,11.37,11.214025,19163100
2019-05-13,10.94,11,10.54,10.71,10.56308,28910500
2019-05-14,10.82,11.03,10.77,10.86,10.711021,18222200
2019-05-15,10.72,10.93,10.62,10.85,10.701159,16125900
2019-05-16,10.98,11.02,10.65,10.66,10.513765,15201300
2019-05-17,10.53,10.66,10.29,10.37,10.227744,25625100
2019-05-20,10.31,10.39,10.15,10.2,10.060076,14752000
2019-05-21,10.24,10.41,10.2,10.35,10.208019,19315300
2019-05-22,10.22,10.32,10.04,10.06,9.921997,18387100
2019-05-23,9.9,9.97,9.74,9.95,9.813505,22137200
2019-05-24,10.06,10.17,9.93,10.08,9.941723,16447000
2019-05-28,10.2,10.3,10,10.03,9.892408,15714800
2019-05-29,9.89,10.01,9.76,9.99,9.852957,14107300
2019-05-30,10.02,10.08,9.71,9.82,9.685288,15900300
2019-05-31,9.64,9.78,9.47,9.71,9.576798,22076200
2019-06-03,9.74,9.94,9.66,9.92,9.783917,24158300
2019-06-04,10.03,10.32,9.85,10.32,10.17843,29427600
2019-06-05,10.35,10.4,9.8,10.1,9.961448,25823500
2019-06-06,10.12,10.3,10.02,10.19,10.050213,20227700
2019-06-07,10.33,10.73,10.29,10.35,10.208019,31108800
2019-06-10,10.44,10.7,10.43,10.61,10.464451,19845300
2019-06-11,11.04,11.14,10.61,10.62,10.474315,28608100
2019-06-12,10.56,10.72,10.45,10.59,10.444726,12641300
2019-06-13,10.7,10.9,10.62,10.83,10.681434,14470500
2019-06-14,10.75,10.84,10.6,10.65,10.503902,14385700
2019-06-17,10.61,10.83,10.45,10.74,10.592669,12378700
2019-06-18,10.95,11.35,10.93,11.13,10.977318,24961100
2019-06-19,11.06,11.27,10.99,11.19,11.036494,18815600
2019-06-20,11.58,11.67,11.32,11.38,11.223889,22356400
2019-06-21,11.38,11.45,11.29,11.34,11.184438,22171500
2019-06-24,11.37,11.41,11.21,11.34,11.184438,14296500
2019-06-25,11.38,11.52,11.32,11.34,11.184438,13721700
2019-06-26,11.35,11.5,11.21,11.49,11.332379,15438800
2019-06-27,11.57,11.79,11.41,11.56,11.40142,17177500
2019-06-28,11.63,11.63,11.4,11.61,11.450733,18130800
2019-07-01,11.39,11.47,10.86,11.45,11.292929,39747000
2019-07-02,11.37,11.46,11.13,11.45,11.292929,16519500
2019-07-03,11.38,11.41,11.23,11.31,11.154849,9252700
2019-07-05,11.08,11.33,10.92,11.29,11.135122,11436900
2019-07-08,11.23,11.45,11.18,11.22,11.066084,15674300
2019-07-09,11.01,11.03,10.6,10.87,10.720885,24168600
2019-07-10,11.05,11.17,10.83,10.95,10.799788,16509400
2019-07-11,11.08,11.15,10.91,11.1,10.94773,19004900
2019-07-12,11.07,11.18,11.01,11.02,10.918008,11815000
2019-07-15,11.16,11.23,11.01,11.14,11.036897,14485100
2019-07-16,11.21,11.4,11.1,11.12,11.017081,19193700
2019-07-17,11.09,11.16,10.92,11.06,10.957638,18415100
2019-07-18,10.97,11.18,10.95,11.15,11.046803,12665800
2019-07-19,11.43,11.7,11.32,11.49,11.383657,30374500
2019-07-22,11.56,11.61,11.38,11.49,11.383657,13686100
2019-07-23,11.54,11.73,11.52,11.65,11.542176,13936300
2019-07-24,11.54,12.07,11.53,11.94,11.829493,20942100
2019-07-25,12.05,12.05,11.26,11.42,11.314305,25283600
2019-07-26,11.42,11.59,11.26,11.56,11.45301,14341700
2019-07-29,11.55,11.67,11.45,11.61,11.502546,14526400
2019-07-30,11.47,11.54,11.38,11.47,11.363843,15139900
2019-07-31,11.4,11.47,10.85,11.06,10.957638,18292800
2019-08-01,10.89,11.07,10.55,10.7,10.600969,23839600
2019-08-02,10.55,10.66,10.12,10.3,10.204671,25816700
2019-08-05,10.05,10.2,9.83,10.07,9.9768,25537600
2019-08-06,10.1,10.18,9.9,10.14,10.046152,17080700
2019-08-07,9.97,10.15,9.89,10.08,9.986708,21874400
2019-08-08,10.22,10.36,10.07,10.12,10.026337,24263300
2019-08-09,10.04,10.06,9.71,9.75,9.659761,20112800
2019-08-12,9.67,9.72,9.45,9.52,9.43189,13866400
2019-08-13,9.52,10.01,9.41,9.89,9.798466,29866400
2019-08-14,9.54,9.61,9.35,9.36,9.273371,27274500
2019-08-15,9.38,9.39,8.78,8.99,8.906796,26881200
2019-08-16,9.09,9.24,8.98,9.1,9.015778,18373200
2019-08-19,9.31,9.42,9.23,9.25,9.164389,16936200
2019-08-20,9.18,9.21,9.01,9.19,9.104943,13179000
2019-08-21,9.27,9.32,9.14,9.14,9.055408,17332900
2019-08-22,9.22,9.29,9.09,9.13,9.0455,13827300
2019-08-23,9.04,9.18,8.8,8.83,8.748277,22529000
2019-08-26,8.86,8.93,8.76,8.84,8.758183,19840600
2019-08-27,8.92,9.02,8.68,8.71,8.629387,15942200
2019-08-28,8.74,8.99,8.58,8.95,8.867166,15456200
2019-08-29,9.15,9.26,9.06,9.12,9.035592,14882600
2019-08-30,9.22,9.27,9.09,9.19,9.104943,12318300
2019-09-03,9,9.16,8.88,9.07,8.986054,18071900
2019-09-04,9.31,9.41,9.23,9.29,9.204019,12091700
2019-09-05,9.48,9.77,9.47,9.53,9.441797,24776100
2019-09-06,9.54,9.54,9.4,9.42,9.332815,18782500
2019-09-09,9.47,9.75,9.44,9.7,9.610224,19778200
2019-09-10,9.7,10.18,9.7,10.12,10.026337,30521000
2019-09-11,10.13,10.22,9.76,10.08,9.986708,20235100
2019-09-12,10.29,10.52,10.03,10.37,10.274023,27660800
2019-09-13,10.65,10.97,10.62,10.76,10.660415,27450100
2019-09-16,10.61,10.69,10.43,10.47,10.373097,21058100
2019-09-17,10.3,10.53,10.21,10.41,10.313653,22280300
2019-09-18,10.33,10.46,10.09,10.36,10.264115,26245500
2019-09-19,10.32,10.65,10.31,10.45,10.353282,19849600
2019-09-20,10.5,10.73,10.42,10.47,10.373097,23390300
2019-09-23,10.2,10.54,10.2,10.33,10.234394,18743100
2019-09-24,10.31,10.32,9.93,10.01,9.917356,20225500
2019-09-25,9.93,10.18,9.81,10.07,9.9768,23425800
2019-09-26,10.01,10.05,9.79,9.8,9.709299,19347000
2019-09-27,9.83,9.9,9.61,9.65,9.560687,22210100
2019-09-30,9.62,9.68,9.56,9.57,9.481427,11988000
2019-10-01,9.55,9.6,9.13,9.17,9.08513,26848600
2019-10-02,9.04,9.12,8.85,8.87,8.787907,25488900
2019-10-03,8.82,8.91,8.6,8.86,8.777998,28429400
2019-10-04,8.88,8.97,8.72,8.83,8.748277,21138400
2019-10-07,8.79,9.05,8.73,8.76,8.678924,21117800
2019-10-08,8.67,8.7,8.48,8.51,8.431238,29695600
2019-10-09,8.6,8.67,8.43,8.55,8.470868,20374500
2019-10-10,8.78,9.14,8.63,8.96,8.877073,61232700
2019-10-11,9.14,9.66,9.13,9.55,9.514709,45962300
2019-10-14,9.2,9.57,9.14,9.5,9.464893,24309100
2019-10-15,9.42,9.62,9.32,9.52,9.484819,19444600
2019-10-16,9.48,9.64,9.42,9.5,9.464893,17311500
2019-10-17,9.59,9.73,9.4,9.44,9.405114,14449500
2019-10-18,9.47,9.77,9.47,9.58,9.544598,17182200
2019-10-21,9.8,10,9.75,9.82,9.78371,23376900
2019-10-22,9.79,10.01,9.7,9.93,9.893304,23467400
2019-10-23,9.97,10.38,9.59,10.13,10.092565,36496000
2019-10-24,10.11,10.23,9.51,9.59,9.554561,32498200
2019-10-25,9.61,10.35,9.61,10.14,10.102528,35421900
2019-10-28,10.25,10.33,10.19,10.24,10.202158,17882100
2019-10-29,10.13,10.27,10.1,10.23,10.192195,14533700
2019-10-30,10.09,10.19,9.94,10.13,10.092565,19786200
2019-10-31,10.03,10.15,9.64,9.82,9.78371,23321300
2019-11-01,9.96,10.61,9.92,10.52,10.481124,31504400
2019-11-04,10.76,10.99,10.62,10.8,10.760089,28404600
2019-11-05,11.05,11.3,10.89,10.91,10.869682,34170400
2019-11-06,10.95,10.95,10.51,10.64,10.60068,21392100
2019-11-07,10.94,11.57,10.91,11.27,11.228353,38830300
2019-11-08,11.15,11.52,11.03,11.52,11.477428,24304900
2019-11-11,11.16,11.27,10.96,11.09,11.049017,19063400
2019-11-12,11.09,11.23,10.93,11.04,10.999202,15505200
2019-11-13,11.07,11.24,10.78,10.84,10.799941,22247000
2019-11-14,10.85,10.94,10.68,10.81,10.770052,14364000
2019-11-15,10.96,11.24,10.87,11.16,11.118758,20827500
2019-11-18,11.09,11.12,10.93,11.01,10.969313,15201100
2019-11-19,11.2,11.29,11,11.28,11.238315,20572000
2019-11-20,11.11,11.34,10.93,11.03,10.989239,24073800
2019-11-21,10.93,11.04,10.85,11.01,10.969313,17158200
2019-11-22,11.13,11.48,11.13,11.35,11.308057,22244000
2019-11-25,11.47,11.86,11.37,11.66,11.616911,28558500
2019-11-26,11.62,11.82,11.56,11.71,11.666726,28062500
2019-11-27,11.73,11.75,11.48,11.61,11.567095,13480100
2019-11-29,11.49,11.5,11.27,11.38,11.337945,11141800
2019-12-02,11.37,11.66,11.19,11.45,11.407686,24408400
2019-12-03,11.04,11.06,10.7,10.92,10.879645,29930400
2019-12-04,11.12,11.33,11.09,11.11,11.068943,17331900
2019-12-05,11.18,11.37,11.1,11.33,11.28813,13960900
2019-12-06,11.55,11.74,11.52,11.64,11.596985,18135100
2019-12-09,11.78,12.25,11.74,12.1,12.055285,31400000
2019-12-10,12.09,12.29,12.04,12.28,12.234619,17322900
2019-12-11,12.43,12.85,12.43,12.84,12.79255,33362100
2019-12-12,12.67,13.18,12.64,13.06,13.011737,39236800
2019-12-13,13.1,13.38,12.83,12.87,12.822439,26652700
2019-12-16,13.27,13.3,12.92,12.95,12.902143,22353600
2019-12-17,13.1,13.2,12.93,12.96,12.912107,24572200
2019-12-18,12.86,13.03,12.83,12.98,12.932033,20294900
2019-12-19,13.02,13.07,12.97,13,12.951959,15473300
2019-12-20,13.05,13.05,12.68,12.71,12.663031,26321400
2019-12-23,12.72,12.91,12.71,12.85,12.802513,15808600
2019-12-24,12.95,13.14,12.94,12.99,12.941996,9206400
2019-12-26,13.07,13.18,13.02,13.17,13.12133,10464100
2019-12-27,13.22,13.25,13.01,13.03,12.981848,12060900
2019-12-30,13.09,13.14,12.99,13.01,12.961922,8524300
2019-12-31,12.98,13.15,12.92,13.12,13.071515,11716400
2020-01-02,13.35,13.45,13.13,13.2,13.151219,22771700
2020-01-03,13,13.09,12.79,12.8,12.752698,20401300
2020-01-06,12.63,12.93,12.53,12.85,12.802513,19145300
2020-01-07,12.94,13.19,12.84,13.05,13.001774,20849500
2020-01-08,13.13,13.31,12.98,13.18,13.131293,17484700
2020-01-09,13.22,13.22,12.85,12.96,12.912107,16540900
2020-01-10,12.9,13.05,12.88,12.9,12.852328,12266100
2020-01-13,13.03,13.64,12.95,13.53,13.48,28779700
2020-01-14,13.34,13.58,13.18,13.21,13.21,26529300
2020-01-15,13.06,13.13,12.85,12.98,12.98,20449800
2020-01-16,13.05,13.23,12.85,12.85,12.85,16998900
2020-01-17,12.98,13.08,12.81,12.87,12.87,20145200
2020-01-21,12.63,12.64,12.12,12.27,12.27,28941600
2020-01-22,12.37,12.45,12.12,12.32,12.32,20845900
2020-01-23,11.44,12.02,11.22,11.97,11.97,57230700
2020-01-24,11.87,11.91,11.65,11.84,11.84,29554000
2020-01-27,11.37,11.37,10.83,10.9,10.9,44484900
2020-01-28,11.09,11.44,10.93,11.3,11.3,47002000
2020-01-29,11.44,11.45,11.09,11.29,11.29,22382000
2020-01-30,11.08,11.36,10.96,11.32,11.32,33247600
2020-01-31,11.12,11.21,10.9,11.1,11.1,30505000
2020-02-03,11.19,11.55,11.18,11.44,11.44,29629400
2020-02-04,11.87,12.14,11.79,12.04,12.04,34272400
2020-02-05,12.32,12.48,12.11,12.41,12.41,32753800
2020-02-06,12.4,12.47,12.25,12.32,12.32,23101000
2020-02-07,11.99,12.04,11.67,11.8,11.8,25463600
2020-02-10,11.7,12.19,11.65,12.17,12.17,20093400
2020-02-11,12.4,12.85,12.35,12.4,12.4,29614000
2020-02-12,12.8,12.86,12.52,12.67,12.67,20173300
2020-02-13,12.64,12.69,12.47,12.61,12.61,21059500
2020-02-14,12.5,12.58,12.01,12.24,12.24,30484300
2020-02-18,12.04,12.1,11.88,12.02,12.02,16416300
2020-02-19,12.08,12.12,12.02,12.1,12.1,16686600
2020-02-20,12.03,12.5,12.02,12.08,12.08,21148000
2020-02-21,12.01,12.01,11.72,11.94,11.94,18498900
2020-02-24,11.25,11.31,11.02,11.24,11.24,24486900
2020-02-25,11.32,11.36,10.64,10.73,10.73,39353400
2020-02-26,10.72,10.8,10.4,10.46,10.46,29846400
2020-02-27,10.13,10.26,9.72,9.8,9.8,53912400
2020-02-28,9.29,9.98,9.2,9.96,9.96,67996500
2020-03-02,10.04,10.51,9.7,10.5,10.5,35073500
2020-03-03,10.51,10.8,9.73,10.07,10.07,46929800
2020-03-04,10.35,10.47,10,10.45,10.45,25141500
2020-03-05,10.06,10.36,9.92,9.99,9.99,26564600
2020-03-06,9.56,9.81,9.26,9.43,9.43,40678900
2020-03-09,8.29,8.62,8.09,8.23,8.23,33742800
2020-03-10,8.87,9.09,8.31,9,9,30694900
2020-03-11,8.63,8.74,7.95,8.12,8.12,33944300
2020-03-12,7.17,7.75,6.81,7.17,7.17,37820700
2020-03-13,7.78,7.89,6.86,7.53,7.53,40387000
2020-03-16,6.44,6.97,6.2,6.24,6.24,40627300
2020-03-17,6.38,6.57,5.73,6.48,6.48,31925400
2020-03-18,5.89,6,4.85,5.31,5.31,37912700
