"Date","Mkt-RF","SMB","HML","RF"
"1926-07",0.0296,-0.023,-0.0287,0.0022
"1926-08",0.0264,-0.014,0.0419,0.0025
"1926-09",0.0036,-0.0132,1e-04,0.0023
"1926-10",-0.0324,4e-04,0.0051,0.0032
"1926-11",0.0253,-0.002,-0.0035,0.0031
"1926-12",0.0262,-4e-04,-2e-04,0.0028
"1927-01",-6e-04,-0.0056,0.0483,0.0025
"1927-02",0.0418,-0.001,0.0317,0.0026
"1927-03",0.0013,-0.016,-0.0267,0.003
"1927-04",0.0046,0.0043,0.006,0.0025
"1927-05",0.0544,0.0141,0.0493,0.003
"1927-06",-0.0234,0.0047,-0.0153,0.0026
"1927-07",0.0726,-0.0323,-0.0116,0.003
"1927-08",0.0197,-0.0072,-0.0369,0.0028
"1927-09",0.0476,-0.0357,-0.0071,0.0021
"1927-10",-0.0431,0.0213,-0.0433,0.0025
"1927-11",0.0658,0.0276,-0.0031,0.0021
"1927-12",0.0209,0.0093,-0.0106,0.0022
"1928-01",-0.0068,0.0425,-0.0072,0.0025
"1928-02",-0.017,-0.0203,-0.0069,0.0033
"1928-03",0.0881,-0.0026,-0.012,0.0029
"1928-04",0.0423,0.0382,0.0367,0.0022
"1928-05",0.0152,0.0298,-0.0346,0.0032
"1928-06",-0.0485,-0.035,-6e-04,0.0031
"1928-07",0.0062,-0.0135,-0.0047,0.0032
"1928-08",0.0668,-0.0207,-0.0211,0.0032
"1928-09",0.0288,0.0218,0.0076,0.0027
"1928-10",0.0133,0.0227,-0.0226,0.0041
"1928-11",0.1181,-0.0181,0.028,0.0038
"1928-12",0.0036,-0.0085,-0.006,6e-04
"1929-01",0.0466,-0.0354,-0.0121,0.0034
"1929-02",-0.0034,-0.0039,0.0168,0.0036
"1929-03",-0.0089,-0.0478,0.0156,0.0034
"1929-04",0.0143,-0.0099,0.0061,0.0036
"1929-05",-0.0639,-0.0546,-0.0157,0.0044
"1929-06",0.097,-0.0217,-0.0276,0.0052
"1929-07",0.0446,-0.0388,0.0266,0.0033
"1929-08",0.0818,-0.0952,6e-04,0.004
"1929-09",-0.0547,0.0117,-0.0063,0.0035
"1929-10",-0.2012,-0.0408,0.0785,0.0046
"1929-11",-0.1274,-0.0191,0.0533,0.0037
"1929-12",0.0133,-0.042,-0.0059,0.0037
"1930-01",0.0561,0.0358,-0.0101,0.0014
"1930-02",0.025,0.0012,0.0039,0.003
"1930-03",0.071,0.0344,0.0015,0.0035
"1930-04",-0.0206,-0.0017,-0.0084,0.0021
"1930-05",-0.0166,-0.0204,-0.0063,0.0026
"1930-06",-0.1627,-0.0322,0.02,0.0027
"1930-07",0.0412,-0.0037,-0.0156,0.002
"1930-08",0.003,-0.0222,-0.0078,9e-04
"1930-09",-0.1275,-0.0222,-0.0527,0.0022
"1930-10",-0.0878,-0.001,-0.0135,9e-04
"1930-11",-0.0304,0.0221,-0.0353,0.0013
"1930-12",-0.0783,-0.0468,-0.0539,0.0014
"1931-01",0.0624,0.0381,0.0721,0.0015
"1931-02",0.1088,0.0339,0.016,4e-04
"1931-03",-0.0643,0.0307,-0.0365,0.0013
"1931-04",-0.0998,-0.0461,-0.0392,8e-04
"1931-05",-0.1324,0.0516,-0.0657,9e-04
"1931-06",0.139,-0.0538,0.113,8e-04
"1931-07",-0.0662,0.0143,-0.021,6e-04
"1931-08",0.0041,-0.0197,-0.0149,3e-04
"1931-09",-0.2913,0.0056,-0.0675,3e-04
"1931-10",0.0804,-0.0187,0.017,0.001
"1931-11",-0.0908,0.043,-0.0505,0.0017
"1931-12",-0.1353,-0.0056,-0.0886,0.0012
"1932-01",-0.0158,0.0394,0.0904,0.0023
"1932-02",0.0546,-0.0277,-0.0145,0.0023
"1932-03",-0.1121,0.0227,-0.0232,0.0016
"1932-04",-0.1796,0.0144,0.0142,0.0011
"1932-05",-0.2051,0.0372,-0.0328,6e-04
"1932-06",-0.007,0.0035,0.0532,2e-04
"1932-07",0.3384,-0.0444,0.3546,3e-04
"1932-08",0.3706,0.1429,0.3303,3e-04
"1932-09",-0.0294,-0.0243,-0.0682,3e-04
"1932-10",-0.1317,-0.0276,-0.1004,2e-04
"1932-11",-0.0588,0.0208,-0.1328,2e-04
"1932-12",0.044,-0.0827,-0.0817,1e-04
"1933-01",0.0125,0.0069,0.0623,1e-04
"1933-02",-0.1524,-0.0275,-0.0273,-3e-04
"1933-03",0.0329,0.039,0.0738,4e-04
"1933-04",0.3885,0.0456,0.1743,0.001
"1933-05",0.2143,0.367,0.1903,4e-04
"1933-06",0.1311,0.0867,-0.0188,2e-04
"1933-07",-0.0963,-0.0101,0.0327,2e-04
"1933-08",0.1205,-0.0545,0.0296,3e-04
"1933-09",-0.1065,-0.0032,-0.1177,2e-04
"1933-10",-0.0836,-8e-04,-0.0846,1e-04
"1933-11",0.0997,-0.0648,0.0233,2e-04
"1933-12",0.0183,0.0066,-0.0153,2e-04
"1934-01",0.126,0.1253,0.1554,5e-04
"1934-02",-0.025,0.0519,0.0212,2e-04
"1934-03",9e-04,0.0251,-0.0273,2e-04
"1934-04",-0.0179,0.028,-0.0375,1e-04
"1934-05",-0.0725,-0.0026,-0.0591,1e-04
"1934-06",0.0264,-0.0214,-0.0292,1e-04
"1934-07",-0.1096,-0.0694,-0.1066,1e-04
"1934-08",0.0558,0.0542,0.005,1e-04
"1934-09",-0.0023,-0.0152,-0.0124,1e-04
"1934-10",-0.0166,0.0124,-0.0511,1e-04
"1934-11",0.0833,0.0649,-0.0224,1e-04
"1934-12",0.0036,0.0308,-0.0317,1e-04
"1935-01",-0.0345,0.0107,-0.0189,1e-04
"1935-02",-0.0194,0.0042,-0.0724,2e-04
"1935-03",-0.0368,-0.0354,-0.0506,1e-04
"1935-04",0.0906,-0.0156,0.0427,1e-04
"1935-05",0.0347,-0.0334,0.0261,1e-04
"1935-06",0.0593,-0.0251,-0.0165,1e-04
"1935-07",0.0751,0.0147,0.0686,1e-04
"1935-08",0.0265,0.0628,0.057,1e-04
"1935-09",0.0263,0.0157,-0.0405,1e-04
"1935-10",0.0703,0.0265,-0.0233,1e-04
"1935-11",0.0488,0.043,0.1191,2e-04
"1935-12",0.0456,0.0022,0.0107,1e-04
"1936-01",0.0689,0.051,0.1051,1e-04
"1936-02",0.0249,0.0114,0.0504,1e-04
"1936-03",0.0099,0.0066,-0.0166,2e-04
"1936-04",-0.0814,-0.0603,-0.0208,2e-04
"1936-05",0.0519,0.0081,0.0263,2e-04
"1936-06",0.024,-0.0325,-0.012,3e-04
"1936-07",0.0667,0.0114,0.0256,1e-04
"1936-08",0.0099,0.0072,0.0399,2e-04
"1936-09",0.0098,0.0307,0.0088,1e-04
"1936-10",0.0712,-0.0239,0.0252,2e-04
"1936-11",0.0327,0.0901,-0.0092,1e-04
"1936-12",0.0021,0.0361,0.0396,0
"1937-01",0.0335,0.0431,0.0261,1e-04
"1937-02",0.0109,0.0123,0.0505,2e-04
"1937-03",-0.0027,-0.0178,0.0639,1e-04
"1937-04",-0.0736,-0.0377,-0.0361,3e-04
"1937-05",-0.0083,-0.0066,-0.0349,6e-04
"1937-06",-0.0421,-0.0365,-0.0321,3e-04
"1937-07",0.0891,0.0085,0.0082,3e-04
"1937-08",-0.0486,0.0042,-0.0225,2e-04
"1937-09",-0.1361,-0.0689,-0.0457,4e-04
"1937-10",-0.0961,0.0045,-0.0162,2e-04
"1937-11",-0.0831,-0.0365,0.002,2e-04
"1937-12",-0.0424,-0.0776,-0.0039,0
"1938-01",0.0049,0.0497,-0.016,0
"1938-02",0.0584,0.0035,-0.0202,0
"1938-03",-0.2382,-0.0424,-0.0352,-1e-04
"1938-04",0.1451,0.0637,0.0018,1e-04
"1938-05",-0.0383,-0.0247,-0.0028,0
"1938-06",0.2387,0.0405,0.003,0
"1938-07",0.0734,0.0666,0.0218,-1e-04
"1938-08",-0.0267,-0.0244,-0.0472,0
"1938-09",0.0081,-0.0272,-0.0162,2e-04
"1938-10",0.078,0.0583,0.0501,1e-04
"1938-11",-0.0172,-0.0256,-0.0123,-6e-04
"1938-12",0.0419,-0.018,0.005,0
"1939-01",-0.0596,-0.0156,-0.0392,-1e-04
"1939-02",0.0351,0.0063,0.0295,1e-04
"1939-03",-0.1199,-0.0476,-0.0829,-1e-04
"1939-04",-0.0018,0.0166,-0.003,0
"1939-05",0.068,0.0281,0.0047,1e-04
"1939-06",-0.0531,-0.0102,-0.0541,1e-04
"1939-07",0.1024,0.0432,-3e-04,0
"1939-08",-0.0668,-0.0461,-0.0242,-1e-04
"1939-09",0.1688,0.2023,0.2222,1e-04
"1939-10",-0.0053,-1e-04,-0.0489,0
"1939-11",-0.0362,-0.0507,-0.0646,0
"1939-12",0.0303,0.0079,-0.0406,0
"1940-01",-0.0241,0.0024,-0.0077,0
"1940-02",0.0144,0.0251,-0.0032,0
"1940-03",0.0205,0.0125,-0.0127,0
"1940-04",0.0022,0.0392,-0.0013,0
"1940-05",-0.2195,-0.0666,-0.0369,-2e-04
"1940-06",0.0667,-0.0213,0.0463,0
"1940-07",0.0316,0.0101,-0.0074,1e-04
"1940-08",0.0219,-0.0011,0.0056,-1e-04
"1940-09",0.0239,0.0322,-0.0113,0
"1940-10",0.0302,0.0028,0.0464,0
"1940-11",-0.0161,0.0194,0.0012,0
"1940-12",0.0069,-0.0215,-0.0089,0
"1941-01",-0.0417,0.01,0.0383,-1e-04
"1941-02",-0.0143,-0.0157,0.0089,-1e-04
"1941-03",0.0084,0.001,0.0304,1e-04
"1941-04",-0.0546,-0.0169,0.0341,-1e-04
"1941-05",0.0139,-0.0066,0.006,0
"1941-06",0.0583,0.0132,0.0059,0
"1941-07",0.0587,0.057,0.0725,3e-04
"1941-08",-0.0017,-0.0041,-0.011,1e-04
"1941-09",-0.0087,-0.0099,-0.0028,1e-04
"1941-10",-0.0525,-0.0202,0.0163,0
"1941-11",-0.0192,-0.0121,-0.0064,0
"1941-12",-0.0487,-0.0298,-0.0594,1e-04
"1942-01",0.0079,0.0752,0.101,2e-04
"1942-02",-0.0246,0.0172,-0.0113,1e-04
"1942-03",-0.0658,0.0178,-0.0062,1e-04
"1942-04",-0.0437,-0.006,0.0209,1e-04
"1942-05",0.0594,-0.0305,-0.0265,3e-04
"1942-06",0.0269,-0.0122,0.0054,2e-04
"1942-07",0.0351,-0.0016,0.024,3e-04
"1942-08",0.018,-9e-04,0.0133,3e-04
"1942-09",0.0261,0.0066,0.0239,3e-04
"1942-10",0.0682,0.0182,0.0647,3e-04
"1942-11",0.0015,-0.0154,-0.0424,3e-04
"1942-12",0.0512,-0.0249,0.0056,3e-04
"1943-01",0.0713,0.0878,0.0823,3e-04
"1943-02",0.0615,0.0484,0.0651,3e-04
"1943-03",0.0601,0.0503,0.0548,3e-04
"1943-04",0.0081,0.0206,0.0586,3e-04
"1943-05",0.0574,0.0441,0.0328,3e-04
"1943-06",0.0182,-0.0106,-0.0074,3e-04
"1943-07",-0.0477,-0.0241,-0.0227,3e-04
"1943-08",0.013,-0.0062,-0.0047,3e-04
"1943-09",0.024,0.0128,0.0143,3e-04
"1943-10",-0.0115,0.0058,0.0165,3e-04
"1943-11",-0.0591,-0.0164,-0.0404,3e-04
"1943-12",0.0636,0.0334,0.0322,3e-04
"1944-01",0.0174,0.0256,0.0217,3e-04
"1944-02",0.0037,-0.001,0.0083,3e-04
"1944-03",0.0246,0.0171,0.0343,2e-04
"1944-04",-0.0169,-0.0135,-0.0113,3e-04
"1944-05",0.0507,0.0167,0.0102,3e-04
"1944-06",0.0549,0.0404,0.0182,3e-04
"1944-07",-0.0149,0.0055,-0.0043,3e-04
"1944-08",0.0157,0.0241,-0.0163,3e-04
"1944-09",1e-04,0.0047,-0.0121,2e-04
"1944-10",0.0016,-0.0014,-0.0034,3e-04
"1944-11",0.0171,0.0037,0.0231,3e-04
"1944-12",0.0403,0.0224,0.0591,2e-04
"1945-01",0.0201,0.0244,0.0071,3e-04
"1945-02",0.0623,0.0156,0.044,2e-04
"1945-03",-0.0389,-0.0161,-0.0178,2e-04
"1945-04",0.078,0.0032,0.0321,3e-04
"1945-05",0.0173,0.0151,0.0035,3e-04
"1945-06",0.0039,0.031,0.0432,2e-04
"1945-07",-0.0217,-0.0146,-0.0271,3e-04
"1945-08",0.062,0.0161,-0.044,3e-04
"1945-09",0.0477,0.0171,0.0048,3e-04
"1945-10",0.0389,0.0246,0.0225,3e-04
"1945-11",0.0539,0.0416,0.0434,2e-04
"1945-12",0.012,0.0212,-0.0232,3e-04
"1946-01",0.0624,0.0402,0.0221,3e-04
"1946-02",-0.0583,-0.0073,-0.0127,3e-04
"1946-03",0.0587,0.0031,-0.0036,3e-04
"1946-04",0.0423,0.0237,0.0045,3e-04
"1946-05",0.0393,0.0146,0.0109,3e-04
"1946-06",-0.0389,-0.0153,-0.0059,3e-04
"1946-07",-0.0269,-0.0206,4e-04,3e-04
"1946-08",-0.0644,-0.0178,0.006,3e-04
"1946-09",-0.1017,-0.0441,-0.0196,3e-04
"1946-10",-0.0144,9e-04,0.0344,3e-04
"1946-11",-1e-04,-0.004,0.0152,3e-04
"1946-12",0.0496,6e-04,-0.0138,3e-04
"1947-01",0.0125,0.0218,-0.0073,3e-04
"1947-02",-0.0108,0.0068,0.0014,3e-04
"1947-03",-0.0167,-0.0161,0.0061,3e-04
"1947-04",-0.048,-0.0397,0.0085,3e-04
"1947-05",-0.0097,-0.0326,0.0034,3e-04
"1947-06",0.0529,-0.0031,-0.006,3e-04
"1947-07",0.0414,0.0143,0.0282,3e-04
"1947-08",-0.0174,0.003,0.0016,3e-04
"1947-09",-0.0054,0.0164,0.0136,6e-04
"1947-10",0.0247,0.0051,8e-04,6e-04
"1947-11",-0.0197,-0.0174,0.0106,6e-04
"1947-12",0.03,-0.0248,0.0369,8e-04
"1948-01",-0.0393,0.0249,0.0138,7e-04
"1948-02",-0.0438,-0.0171,7e-04,7e-04
"1948-03",0.0807,0.0013,0.0449,9e-04
"1948-04",0.0365,-0.0166,0.041,8e-04
"1948-05",0.073,0.0093,-0.0123,8e-04
"1948-06",-0.001,-0.0186,0.0275,9e-04
"1948-07",-0.0509,-0.0032,7e-04,8e-04
"1948-08",0.0025,-0.011,0.0027,9e-04
"1948-09",-0.0297,-0.0123,-0.0179,4e-04
"1948-10",0.0596,-0.015,0.0056,4e-04
"1948-11",-0.093,-0.0062,-0.0414,4e-04
"1948-12",0.0326,-0.028,-0.0194,4e-04
"1949-01",0.0023,0.0181,0.0117,0.001
"1949-02",-0.0293,-0.0189,-0.0091,9e-04
"1949-03",0.0404,0.0248,0.0134,0.001
"1949-04",-0.0187,-0.0089,-0.0118,9e-04
"1949-05",-0.0294,-0.0077,-0.0242,0.001
"1949-06",0.001,-0.0088,-0.0176,0.001
"1949-07",0.0554,0.0057,0.0038,9e-04
"1949-08",0.026,0.0013,-0.0057,9e-04
"1949-09",0.0309,0.0105,0.0023,9e-04
"1949-10",0.0314,0.0103,-0.0049,9e-04
"1949-11",0.0182,-0.0093,-0.0091,8e-04
"1949-12",0.0513,0.0207,0.0175,9e-04
"1950-01",0.017,0.0336,0.0014,9e-04
"1950-02",0.0148,4e-04,-0.0081,9e-04
"1950-03",0.0126,-0.0141,-0.0277,0.001
"1950-04",0.0394,0.0199,0.0134,9e-04
"1950-05",0.0431,-0.0212,0.0046,0.001
"1950-06",-0.0594,-0.0238,-0.0078,0.001
"1950-07",0.0136,0.0051,0.1366,0.001
"1950-08",0.0485,0.0073,-0.0141,0.001
"1950-09",0.0481,0.0057,-0.0111,0.001
"1950-10",-0.0018,-0.0058,0.0144,0.0012
"1950-11",0.0276,-0.0084,0.0317,0.0011
"1950-12",0.0554,0.0149,0.0723,0.0011
"1951-01",0.057,0.0173,0.0372,0.0013
"1951-02",0.0141,9e-04,-0.0283,0.001
"1951-03",-0.0215,-0.0064,-0.0422,0.0011
"1951-04",0.0486,-0.0149,0.0328,0.0013
"1951-05",-0.0234,-1e-04,-0.0133,0.0012
"1951-06",-0.0262,-0.0195,-0.0396,0.0012
"1951-07",0.0694,-0.0199,0.0201,0.0013
"1951-08",0.0427,0.0099,-0.0016,0.0013
"1951-09",0.007,0.019,0.0061,0.0012
"1951-10",-0.0253,-0.0022,0.0025,0.0016
"1951-11",0.0057,-0.0029,-5e-04,0.0011
"1951-12",0.0333,-0.0225,-0.0156,0.0012
"1952-01",0.0145,-0.0061,0.0154,0.0015
"1952-02",-0.0262,0.0079,-0.0061,0.0012
"1952-03",0.0444,-0.0299,0.0216,0.0011
"1952-04",-0.0497,0.0048,-0.001,0.0012
"1952-05",0.032,-0.0101,8e-04,0.0013
"1952-06",0.0383,-0.0161,0.0123,0.0015
"1952-07",0.0091,-0.004,-0.0035,0.0015
"1952-08",-0.0076,0.0118,3e-04,0.0015
"1952-09",-0.0203,0.0115,-0.0151,0.0016
"1952-10",-0.0066,-0.0106,-0.0045,0.0014
"1952-11",0.0594,-0.0071,0.0095,0.001
"1952-12",0.0293,-0.0148,0.0018,0.0016
"1953-01",-0.0034,0.0358,0.0132,0.0016
"1953-02",-0.0027,0.0215,-8e-04,0.0014
"1953-03",-0.0143,-0.0019,-0.008,0.0018
"1953-04",-0.0283,0.0028,0.0153,0.0016
"1953-05",0.0052,-7e-04,0.0023,0.0017
"1953-06",-0.0189,-0.0186,-0.0047,0.0018
"1953-07",0.024,-0.0105,-0.0024,0.0015
"1953-08",-0.0452,0.0036,-0.0354,0.0017
"1953-09",0.002,-0.0085,-0.0242,0.0016
"1953-10",0.046,-0.0137,-0.0019,0.0013
"1953-11",0.0283,-0.0129,-0.0017,8e-04
"1953-12",3e-04,-0.0084,-0.0284,0.0013
"1954-01",0.0513,0.0046,0.0351,0.0011
"1954-02",0.0167,-0.0017,-0.0028,7e-04
"1954-03",0.0365,-0.0049,-0.0146,8e-04
"1954-04",0.0427,-0.0348,-0.0037,9e-04
"1954-05",0.0309,0.0039,0.0246,5e-04
"1954-06",0.0107,0.0041,-3e-04,6e-04
"1954-07",0.0499,0.0107,0.0411,5e-04
"1954-08",-0.0234,0.0266,-0.0136,5e-04
"1954-09",0.0639,-0.0254,0.0066,9e-04
"1954-10",-0.0167,0.0059,0.0072,7e-04
"1954-11",0.0938,-0.0262,0.0436,6e-04
"1954-12",0.0548,0.0214,0.0571,8e-04
"1955-01",0.006,0.0025,0.0218,8e-04
"1955-02",0.0302,0.0154,0.0062,9e-04
"1955-03",-0.0016,-0.0066,0.0195,0.001
"1955-04",0.0311,-0.0179,0.0081,0.001
"1955-05",0.0093,-0.0029,-0.0086,0.0014
"1955-06",0.0655,-0.0465,0.0192,0.001
"1955-07",0.019,-0.0136,0.0063,0.001
"1955-08",0.0021,-0.0038,0.0058,0.0016
"1955-09",-0.0036,0.003,-0.0106,0.0016
"1955-10",-0.0268,0.015,-3e-04,0.0018
"1955-11",0.0703,-0.0246,0.005,0.0017
"1955-12",0.0149,0.0208,-0.0224,0.0018
"1956-01",-0.0303,0.0044,0.0112,0.0022
"1956-02",0.0377,-0.0104,-0.0053,0.0019
"1956-03",0.0664,-0.0242,-0.0014,0.0015
"1956-04",0.0028,7e-04,-0.0018,0.0019
"1956-05",-0.052,0.015,-0.0133,0.0023
"1956-06",0.0348,-0.0146,-0.0132,0.002
"1956-07",0.0484,-0.0168,-1e-04,0.0022
"1956-08",-0.0318,0.019,-0.0071,0.0017
"1956-09",-0.0514,0.0156,0.0179,0.0018
"1956-10",0.0052,-9e-04,-6e-04,0.0025
"1956-11",0.0036,-0.0022,0.0178,0.002
"1956-12",0.0316,-3e-04,-0.021,0.0024
"1957-01",-0.0358,0.034,0.0278,0.0027
"1957-02",-0.0206,-0.0072,-0.0073,0.0024
"1957-03",0.0213,0.0027,-0.0047,0.0023
"1957-04",0.0426,-0.016,-0.0151,0.0025
"1957-05",0.0345,-0.0107,-0.0205,0.0026
"1957-06",-0.0074,0.0055,1e-04,0.0024
"1957-07",0.0066,-0.0076,0.0038,0.003
"1957-08",-0.0511,6e-04,-0.0045,0.0025
"1957-09",-0.0598,8e-04,0.0088,0.0026
"1957-10",-0.0432,-0.0252,-0.0183,0.0029
"1957-11",0.023,0.004,-0.029,0.0028
"1957-12",-0.0391,-0.0093,-0.0171,0.0024
"1958-01",0.0466,0.0436,0.0423,0.0028
"1958-02",-0.0152,0.007,0.0028,0.0012
"1958-03",0.0327,0.0063,-0.0092,9e-04
"1958-04",0.0309,-0.0059,0.0146,8e-04
"1958-05",0.0231,0.0224,-0.0035,0.0011
"1958-06",0.0293,-0.0024,0.005,3e-04
"1958-07",0.0439,0.0047,0.0312,7e-04
"1958-08",0.0191,0.0119,0.0029,4e-04
"1958-09",0.0466,0.0015,0.0296,0.0019
"1958-10",0.0253,0.0113,-0.0118,0.0018
"1958-11",0.0301,0.0206,-0.0129,0.0011
"1958-12",0.0515,-0.0207,-5e-04,0.0022
"1959-01",0.0071,0.0302,0.0298,0.0021
"1959-02",0.0095,0.0149,0.0105,0.0019
"1959-03",0.0028,0.0148,-0.0035,0.0022
"1959-04",0.0366,-0.0058,-0.0122,0.002
"1959-05",0.0173,-0.0215,0.0187,0.0022
"1959-06",-0.0025,0.0068,0.0133,0.0025
"1959-07",0.0317,-0.0032,0.0026,0.0025
"1959-08",-0.0139,-0.0078,0.0044,0.0019
"1959-09",-0.048,-9e-04,0.0057,0.0031
"1959-10",0.0128,0.0143,-0.0205,0.003
"1959-11",0.016,0.0124,-0.0327,0.0026
"1959-12",0.0245,-0.006,-3e-04,0.0034
"1960-01",-0.0698,0.0209,0.0273,0.0033
"1960-02",0.0117,0.0051,-0.0199,0.0029
"1960-03",-0.0163,-0.0051,-0.0285,0.0035
"1960-04",-0.0171,0.0031,-0.0223,0.0019
"1960-05",0.0312,0.0121,-0.0376,0.0027
"1960-06",0.0208,-0.0022,-0.0034,0.0024
"1960-07",-0.0237,-0.0052,0.0203,0.0013
"1960-08",0.0301,0.009,-0.0019,0.0017
"1960-09",-0.0599,-0.0111,0.0158,0.0016
"1960-10",-0.0071,-0.0395,0.026,0.0022
"1960-11",0.0469,0.0035,-0.0245,0.0013
"1960-12",0.0471,-0.0156,-0.0079,0.0016
"1961-01",0.062,0.0066,0.037,0.0019
"1961-02",0.0357,0.0398,-0.0074,0.0014
"1961-03",0.0289,0.0327,-0.0077,0.002
"1961-04",0.0029,0.001,0.0205,0.0017
"1961-05",0.024,0.0195,0.0048,0.0018
"1961-06",-0.0308,-0.0247,-0.0018,0.002
"1961-07",0.0283,-0.0188,-0.0011,0.0018
"1961-08",0.0257,-0.0175,-0.0028,0.0014
"1961-09",-0.0215,-0.0105,-0.0058,0.0017
"1961-10",0.0257,-0.0161,0.0012,0.0019
"1961-11",0.0445,0.0124,-0.0119,0.0015
"1961-12",-0.0018,-0.0083,0.0183,0.0019
"1962-01",-0.0387,0.0178,0.0509,0.0024
"1962-02",0.0181,-0.0116,0.0085,0.002
"1962-03",-0.0068,0.0053,-0.0143,0.002
"1962-04",-0.0659,-0.0068,3e-04,0.0022
"1962-05",-0.0865,-0.0333,0.0278,0.0024
"1962-06",-0.0847,-0.0057,0.0254,0.002
"1962-07",0.0628,0.0149,-0.0344,0.0027
"1962-08",0.0213,0.0123,-0.0119,0.0023
"1962-09",-0.0522,-0.0243,0.0123,0.0021
"1962-10",-5e-04,-0.0397,0.0129,0.0025
"1962-11",0.1087,0.0261,0.0101,0.002
"1962-12",0.0101,-0.038,0.0033,0.0023
"1963-01",0.0493,0.0306,0.0226,0.0025
"1963-02",-0.0238,0.005,0.0221,0.0023
"1963-03",0.0308,-0.0262,0.021,0.0023
"1963-04",0.0451,-0.0131,0.0101,0.0025
"1963-05",0.0176,0.0112,0.025,0.0024
"1963-06",-0.02,-0.0025,0.007,0.0023
"1963-07",-0.0039,-0.0056,-0.0083,0.0027
"1963-08",0.0507,-0.0094,0.0167,0.0025
"1963-09",-0.0157,-0.0031,0.0018,0.0027
"1963-10",0.0253,-0.0054,-0.001,0.0029
"1963-11",-0.0085,-0.0113,0.0171,0.0027
"1963-12",0.0183,-0.0197,-0.0012,0.0029
"1964-01",0.0224,-0.0019,0.0159,0.003
"1964-02",0.0154,0.001,0.0283,0.0026
"1964-03",0.0141,0.0099,0.0332,0.0031
"1964-04",0.001,-0.0137,-0.0055,0.0029
"1964-05",0.0142,-0.009,0.0198,0.0026
"1964-06",0.0127,-0.0026,0.0068,0.003
"1964-07",0.0174,0.0028,0.0068,0.003
"1964-08",-0.0144,9e-04,9e-04,0.0028
"1964-09",0.0269,-0.0051,0.0165,0.0028
"1964-10",0.0059,0.0043,0.0114,0.0029
"1964-11",0,0.0061,-0.0198,0.0029
"1964-12",3e-04,-0.0026,-0.0255,0.0031
"1965-01",0.0354,0.027,0.0018,0.0028
"1965-02",0.0044,0.0348,0.0022,0.003
"1965-03",-0.0134,0.0179,0.0109,0.0036
"1965-04",0.0311,0.012,0.0071,0.0031
"1965-05",-0.0077,4e-04,-0.0163,0.0031
"1965-06",-0.0551,-0.0435,0.0055,0.0035
"1965-07",0.0143,0.0087,0.0218,0.0031
"1965-08",0.0273,0.0281,-0.0096,0.0033
"1965-09",0.0286,0.0061,-0.001,0.0031
"1965-10",0.026,0.0248,0.0152,0.0031
"1965-11",-3e-04,0.0468,0.0021,0.0035
"1965-12",0.0101,0.0208,0.0195,0.0033
"1966-01",0.0072,0.0389,0.0349,0.0038
"1966-02",-0.0121,0.0454,0.0027,0.0035
"1966-03",-0.0251,0.0094,-0.0207,0.0038
"1966-04",0.0214,0.0345,-0.0054,0.0034
"1966-05",-0.0566,-0.047,-0.0155,0.0041
"1966-06",-0.0144,0.0102,0.005,0.0038
"1966-07",-0.0163,-0.0044,0.0096,0.0035
"1966-08",-0.0791,-0.0323,0.0047,0.0041
"1966-09",-0.0106,-0.0107,0.0053,0.004
"1966-10",0.0386,-0.0664,0.0287,0.0045
"1966-11",0.014,0.0422,-0.0446,0.004
"1966-12",0.0013,0.0186,-0.0122,0.004
"1967-01",0.0815,0.0832,0.0222,0.0043
"1967-02",0.0078,0.0334,-0.0217,0.0036
"1967-03",0.0399,0.0163,0.0031,0.0039
"1967-04",0.0389,0.0062,-0.0264,0.0032
"1967-05",-0.0433,0.0198,0.008,0.0033
"1967-06",0.0241,0.0596,0.0096,0.0027
"1967-07",0.0458,0.0308,0.0265,0.0031
"1967-08",-0.0089,0.0047,0.0146,0.0031
"1967-09",0.0311,0.031,-0.0247,0.0032
"1967-10",-0.0309,0.0142,-0.0339,0.0039
"1967-11",0.0037,0.002,-0.0171,0.0036
"1967-12",0.0305,0.0573,-0.0039,0.0033
"1968-01",-0.0406,0.0391,0.0475,0.004
"1968-02",-0.0375,-0.0295,0.0117,0.0039
"1968-03",0.002,-0.0128,-0.0059,0.0038
"1968-04",0.0905,0.0573,-0.0103,0.0043
"1968-05",0.0228,0.0643,0.0084,0.0045
"1968-06",0.0069,-0.0017,0.0067,0.0043
"1968-07",-0.0272,-0.013,0.0548,0.0048
"1968-08",0.0134,0.0234,0.01,0.0042
"1968-09",0.0403,0.0276,0.0024,0.0043
"1968-10",0.0042,-0.0047,0.0289,0.0044
"1968-11",0.0543,0.0236,-0.009,0.0042
"1968-12",-0.0394,0.0344,2e-04,0.0043
"1969-01",-0.0125,-0.0078,0.0169,0.0053
"1969-02",-0.0584,-0.0389,0.009,0.0046
"1969-03",0.0264,-0.0025,-0.0046,0.0046
"1969-04",0.0146,-0.0088,3e-04,0.0053
"1969-05",-0.001,-0.0027,0.0073,0.0048
"1969-06",-0.0718,-0.0539,-0.0109,0.0051
"1969-07",-0.07,-0.0321,0.0142,0.0053
"1969-08",0.0468,0.0094,-0.0387,0.005
"1969-09",-0.0298,0.012,-0.0319,0.0062
"1969-10",0.0506,0.0381,-0.0319,0.006
"1969-11",-0.0379,-0.0253,-0.0112,0.0052
"1969-12",-0.0263,-0.0367,-0.0302,0.0064
"1970-01",-0.081,0.029,0.0304,0.006
"1970-02",0.0513,-0.024,0.0404,0.0062
"1970-03",-0.0106,-0.0232,0.0425,0.0057
"1970-04",-0.11,-0.0611,0.0639,0.005
"1970-05",-0.0692,-0.0452,0.036,0.0053
"1970-06",-0.0579,-0.0216,0.0087,0.0058
"1970-07",0.0693,-0.0054,0.0096,0.0052
"1970-08",0.0449,0.0152,0.0103,0.0053
"1970-09",0.0418,0.0862,-0.0558,0.0054
"1970-10",-0.0228,-0.0428,0.0027,0.0046
"1970-11",0.0459,-0.0407,0.0163,0.0046
"1970-12",0.0572,0.0297,0.0101,0.0042
"1971-01",0.0484,0.0737,0.0138,0.0038
"1971-02",0.0141,0.0188,-0.0129,0.0033
"1971-03",0.0413,0.0254,-0.0404,0.003
"1971-04",0.0315,-0.0049,0.0072,0.0028
"1971-05",-0.0398,-0.011,-0.0138,0.0029
"1971-06",-0.001,-0.0142,-0.0206,0.0037
"1971-07",-0.045,-0.015,0.0017,0.004
"1971-08",0.0379,-0.0016,0.0267,0.0047
"1971-09",-0.0085,0.0041,-0.0296,0.0037
"1971-10",-0.0442,-0.018,-0.0043,0.0037
"1971-11",-0.0046,-0.0285,-0.017,0.0037
"1971-12",0.0871,0.0332,-0.0035,0.0037
"1972-01",0.0249,0.0612,0.0199,0.0029
"1972-02",0.0287,0.0137,-0.0276,0.0025
"1972-03",0.0063,-0.0027,-0.0173,0.0027
"1972-04",0.0029,1e-04,0.0023,0.0029
"1972-05",0.0125,-0.0279,-0.0269,0.003
"1972-06",-0.0243,0.0033,-0.0251,0.0029
"1972-07",-0.008,-0.0289,0.0078,0.0031
"1972-08",0.0326,-0.0409,0.0469,0.0029
"1972-09",-0.0114,-0.0267,0.0047,0.0034
"1972-10",0.0052,-0.0274,0.0137,0.004
"1972-11",0.046,-0.0111,0.0476,0.0037
"1972-12",0.0062,-0.0186,-0.0227,0.0037
"1973-01",-0.0329,-0.0348,0.0268,0.0044
"1973-02",-0.0485,-0.0399,0.017,0.0041
"1973-03",-0.013,-0.0282,0.0278,0.0046
"1973-04",-0.0568,-0.0399,0.0569,0.0052
"1973-05",-0.0294,-0.0612,0.0021,0.0051
"1973-06",-0.0156,-0.0295,0.0144,0.0051
"1973-07",0.0505,0.0791,-0.0531,0.0064
"1973-08",-0.0382,-0.0203,0.0114,0.007
"1973-09",0.0475,0.0294,0.0218,0.0068
"1973-10",-0.0083,-0.0023,0.0174,0.0065
"1973-11",-0.1275,-0.077,0.0404,0.0056
"1973-12",0.0061,-0.0529,0.0409,0.0064
"1974-01",-0.0017,0.0976,0.0599,0.0063
"1974-02",-0.0047,5e-04,0.0254,0.0058
"1974-03",-0.0281,0.0251,-0.0011,0.0056
"1974-04",-0.0529,-0.0071,0.0106,0.0075
"1974-05",-0.0468,-0.0301,-0.0204,0.0075
"1974-06",-0.0283,-0.002,0.0079,0.006
"1974-07",-0.0805,0.0092,0.0514,0.007
"1974-08",-0.0935,-0.0068,0.025,0.006
"1974-09",-0.1177,0.0027,0.0549,0.0081
"1974-10",0.161,-0.0351,-0.0999,0.0051
"1974-11",-0.0451,-0.0117,-0.0016,0.0054
"1974-12",-0.0345,-0.0484,0,0.007
"1975-01",0.1366,0.1101,0.0844,0.0058
"1975-02",0.0556,0.0016,-0.0456,0.0043
"1975-03",0.0266,0.0375,0.0249,0.0041
"1975-04",0.0423,-0.0054,-0.0111,0.0044
"1975-05",0.0519,0.0383,-0.0402,0.0044
"1975-06",0.0483,0.0076,0.0132,0.0041
"1975-07",-0.0659,0.0269,0.017,0.0048
"1975-08",-0.0285,-0.032,-0.009,0.0048
"1975-09",-0.0426,-0.0013,0.0034,0.0053
"1975-10",0.0531,-0.0402,0.003,0.0056
"1975-11",0.0264,-0.0119,0.0199,0.0041
"1975-12",-0.016,-0.0076,0.0176,0.0048
"1976-01",0.1216,0.048,0.0858,0.0047
"1976-02",0.0032,0.0703,0.0578,0.0034
"1976-03",0.0232,-0.0117,-4e-04,0.004
"1976-04",-0.0149,-3e-04,-6e-04,0.0042
"1976-05",-0.0134,-0.0124,-0.0132,0.0037
"1976-06",0.0405,-0.0135,0.0068,0.0043
"1976-07",-0.0107,0.0031,0.0174,0.0047
"1976-08",-0.0056,-0.0201,0.0079,0.0042
"1976-09",0.0207,-1e-04,-0.0029,0.0044
"1976-10",-0.0242,0.0025,-0.0013,0.0041
"1976-11",0.0036,0.0232,0.0151,0.004
"1976-12",0.0565,0.0301,0.0222,0.004
"1977-01",-0.0405,0.0478,0.0426,0.0036
"1977-02",-0.0194,0.0108,0.005,0.0035
"1977-03",-0.0137,0.0099,0.0102,0.0038
"1977-04",0.0015,-0.0012,0.0345,0.0038
"1977-05",-0.0145,0.0118,0.0084,0.0037
"1977-06",0.0471,0.0213,-0.0064,0.004
"1977-07",-0.0169,0.0212,-0.0059,0.0042
"1977-08",-0.0175,0.0152,-0.0279,0.0044
"1977-09",-0.0027,0.0145,-0.0049,0.0043
"1977-10",-0.0438,0.0127,0.0172,0.0049
"1977-11",0.04,0.0372,0.0031,0.005
"1977-12",0.0027,0.0135,-0.0037,0.0049
"1978-01",-0.0601,0.0222,0.0331,0.0049
"1978-02",-0.0138,0.0359,0.0076,0.0046
"1978-03",0.0285,0.0348,0.012,0.0053
"1978-04",0.0788,0.004,-0.0354,0.0054
"1978-05",0.0176,0.0456,-0.0062,0.0051
"1978-06",-0.0169,0.0169,0.0059,0.0054
"1978-07",0.0511,0.0026,-0.0111,0.0056
"1978-08",0.0375,0.0506,-0.0046,0.0056
"1978-09",-0.0143,-0.0039,0.0187,0.0062
"1978-10",-0.1191,-0.0988,0.0136,0.0068
"1978-11",0.0271,0.0301,-0.0222,0.007
"1978-12",0.0088,0.0124,-0.0219,0.0078
"1979-01",0.0423,0.0366,0.0227,0.0077
"1979-02",-0.0356,0.0045,0.012,0.0073
"1979-03",0.0568,0.0319,-0.0067,0.0081
"1979-04",-6e-04,0.0218,0.0105,0.008
"1979-05",-0.0221,0.0016,0.0132,0.0082
"1979-06",0.0385,0.0117,0.0148,0.0081
"1979-07",0.0082,0.0126,0.017,0.0077
"1979-08",0.0553,0.0208,-0.0155,0.0077
"1979-09",-0.0082,-0.0025,-0.0087,0.0083
"1979-10",-0.081,-0.0334,-0.0186,0.0087
"1979-11",0.0521,0.0274,-0.0325,0.0099
"1979-12",0.0179,0.0417,-0.0198,0.0095
"1980-01",0.0551,0.0165,0.018,0.008
"1980-02",-0.0122,-0.0182,0.0062,0.0089
"1980-03",-0.129,-0.0664,-0.0106,0.0121
"1980-04",0.0397,0.0097,0.0106,0.0126
"1980-05",0.0526,0.0216,0.0039,0.0081
"1980-06",0.0306,0.0167,-0.0089,0.0061
"1980-07",0.0649,0.0425,-0.063,0.0053
"1980-08",0.018,0.0392,-0.0264,0.0064
"1980-09",0.0219,0.0089,-0.0479,0.0075
"1980-10",0.0106,0.0247,-0.0274,0.0095
"1980-11",0.0959,-0.0345,-0.0835,0.0096
"1980-12",-0.0452,-0.0028,0.0268,0.0131
"1981-01",-0.0504,0.03,0.0684,0.0104
"1981-02",0.0057,-0.0031,0.0097,0.0107
"1981-03",0.0356,0.0358,0.0067,0.0121
"1981-04",-0.0211,0.0442,0.0226,0.0108
"1981-05",0.0011,0.02,-0.0043,0.0115
"1981-06",-0.0236,-0.0085,0.0513,0.0135
"1981-07",-0.0154,-0.0218,-0.0066,0.0124
"1981-08",-0.0704,-0.0195,0.0484,0.0128
"1981-09",-0.0717,-0.0266,0.052,0.0124
"1981-10",0.0492,0.0213,-0.0421,0.0121
"1981-11",0.0336,-0.0096,0.019,0.0107
"1981-12",-0.0365,0.0117,0.0074,0.0087
"1982-01",-0.0324,-0.0129,0.0317,0.008
"1982-02",-0.0586,0.0049,0.061,0.0092
"1982-03",-0.0187,-0.0019,0.0378,0.0098
"1982-04",0.0327,0.0151,-0.0278,0.0113
"1982-05",-0.0399,0.0047,0.0181,0.0106
"1982-06",-0.0309,-0.004,0.0154,0.0096
"1982-07",-0.0319,0.0084,0.0015,0.0105
"1982-08",0.1114,-0.0411,0.0116,0.0076
"1982-09",0.0129,0.0288,0.0034,0.0051
"1982-10",0.113,0.0235,-0.0368,0.0059
"1982-11",0.0467,0.0477,-0.0196,0.0063
"1982-12",0.0055,-0.0018,1e-04,0.0067
"1983-01",0.036,0.027,-0.0086,0.0069
"1983-02",0.0259,0.0323,0.0067,0.0062
"1983-03",0.0282,0.0177,0.0207,0.0063
"1983-04",0.0667,0.0053,0.006,0.0071
"1983-05",0.0052,0.0616,-0.014,0.0069
"1983-06",0.0307,0.0091,-0.0387,0.0067
"1983-07",-0.0407,0.0146,0.0562,0.0074
"1983-08",-0.005,-0.043,0.0555,0.0076
"1983-09",0.0091,0.0056,0.0109,0.0076
"1983-10",-0.0344,-0.036,0.0506,0.0076
"1983-11",0.0216,0.0204,-0.0062,0.007
"1983-12",-0.0178,-0.0029,0.0167,0.0073
"1984-01",-0.0192,-0.0043,0.0763,0.0076
"1984-02",-0.0482,-0.0171,0.0336,0.0071
"1984-03",0.0063,7e-04,0.0048,0.0073
"1984-04",-0.0051,-0.012,0.0129,0.0081
"1984-05",-0.0597,3e-04,0.0026,0.0078
"1984-06",0.0182,-0.0032,-0.026,0.0075
"1984-07",-0.0274,-0.0221,0.0049,0.0082
"1984-08",0.1028,-0.0025,-0.0185,0.0083
"1984-09",-0.008,0.002,0.0532,0.0086
"1984-10",-0.0084,-0.012,0.0051,0.01
"1984-11",-0.0176,-0.0062,0.0408,0.0073
"1984-12",0.0184,-0.006,-0.0017,0.0064
"1985-01",0.0799,0.0327,-0.0543,0.0065
"1985-02",0.0122,0.0076,-0.0012,0.0058
"1985-03",-0.0084,-0.0115,0.041,0.0062
"1985-04",-0.0096,0.0014,0.0373,0.0072
"1985-05",0.0509,-0.0225,-0.0086,0.0066
"1985-06",0.0127,0.0046,0.004,0.0055
"1985-07",-0.0074,0.0285,-0.0163,0.0062
"1985-08",-0.0102,-0.0034,0.0228,0.0055
"1985-09",-0.0454,-0.0158,0.0132,0.006
"1985-10",0.0402,-0.0157,0.0078,0.0065
"1985-11",0.0648,0.0023,-0.0287,0.0061
"1985-12",0.0388,-0.0049,-0.0153,0.0065
"1986-01",0.0065,0.0122,0.0053,0.0056
"1986-02",0.0713,-0.0065,-0.0094,0.0053
"1986-03",0.0488,-0.0052,-0.0044,0.006
"1986-04",-0.0131,0.0284,-0.0285,0.0052
"1986-05",0.0462,-0.0132,-0.0011,0.0049
"1986-06",0.0103,-0.0091,0.014,0.0052
"1986-07",-0.0645,-0.0338,0.0478,0.0052
"1986-08",0.0607,-0.0417,0.0352,0.0046
"1986-09",-0.086,0.0228,0.0319,0.0045
"1986-10",0.0466,-0.0248,-0.0132,0.0046
"1986-11",0.0117,-0.0192,-6e-04,0.0039
"1986-12",-0.0327,8e-04,0.0037,0.0049
"1987-01",0.1247,-0.0181,-0.0318,0.0042
"1987-02",0.0439,0.0349,-0.0599,0.0043
"1987-03",0.0164,0.0037,0.0166,0.0047
"1987-04",-0.0211,-0.0169,-0.0033,0.0044
"1987-05",0.0011,-0.0053,0.0013,0.0038
"1987-06",0.0394,-0.0218,0.0107,0.0048
"1987-07",0.0385,-0.0067,0.0066,0.0046
"1987-08",0.0352,-0.0072,-0.009,0.0047
"1987-09",-0.0259,0.0052,0.0028,0.0045
"1987-10",-0.2324,-0.0843,0.0423,0.006
"1987-11",-0.0777,0.0277,0.0314,0.0035
"1987-12",0.0681,0.0013,-0.0449,0.0039
"1988-01",0.0421,-0.0077,0.0508,0.0029
"1988-02",0.0475,0.0336,-0.0165,0.0046
"1988-03",-0.0227,0.0616,0.0074,0.0044
"1988-04",0.0056,0.0096,0.0169,0.0046
"1988-05",-0.0029,-0.0264,0.023,0.0051
"1988-06",0.0479,0.0216,-0.0107,0.0049
"1988-07",-0.0125,-0.0021,0.0227,0.0051
"1988-08",-0.0331,4e-04,0.0203,0.0059
"1988-09",0.033,-0.0125,-0.0068,0.0062
"1988-10",0.0115,-0.029,0.0171,0.0061
"1988-11",-0.0229,-0.0174,0.0124,0.0057
"1988-12",0.0149,0.0195,-0.0155,0.0063
"1989-01",0.061,-0.0214,0.0051,0.0055
"1989-02",-0.0225,0.0276,0.0087,0.0061
"1989-03",0.0157,0.0074,0.0046,0.0067
"1989-04",0.0433,-0.0059,-0.0145,0.0067
"1989-05",0.0335,-4e-04,-0.0082,0.0079
"1989-06",-0.0135,-0.0101,0.0219,0.0071
"1989-07",0.072,-0.0402,-0.0284,0.007
"1989-08",0.0144,0.005,0.0072,0.0074
"1989-09",-0.0076,0.0028,-0.0134,0.0065
"1989-10",-0.0367,-0.033,-0.0103,0.0068
"1989-11",0.0103,-0.0124,-0.0112,0.0069
"1989-12",0.0116,-0.0241,0.0028,0.0061
"1990-01",-0.0785,-0.0129,0.0087,0.0057
"1990-02",0.0111,0.0103,0.0061,0.0057
"1990-03",0.0183,0.0152,-0.029,0.0064
"1990-04",-0.0336,-0.005,-0.0255,0.0069
"1990-05",0.0842,-0.0257,-0.0374,0.0068
"1990-06",-0.0109,0.0143,-0.0194,0.0063
"1990-07",-0.019,-0.0321,-1e-04,0.0068
"1990-08",-0.1015,-0.0358,0.0158,0.0066
"1990-09",-0.0612,-0.0367,0.0073,0.006
"1990-10",-0.0192,-0.0551,0.0022,0.0068
"1990-11",0.0635,0.0033,-0.0316,0.0057
"1990-12",0.0246,0.0079,-0.0154,0.006
"1991-01",0.0469,0.0379,-0.0184,0.0052
"1991-02",0.0719,0.0395,-0.0054,0.0048
"1991-03",0.0265,0.0389,-0.0123,0.0044
"1991-04",-0.0028,0.005,0.0142,0.0053
"1991-05",0.0365,-0.0034,-0.0057,0.0047
"1991-06",-0.0494,7e-04,0.0121,0.0042
"1991-07",0.0424,-0.0093,-0.0125,0.0049
"1991-08",0.0232,0.0159,-0.0078,0.0046
"1991-09",-0.0159,0.0163,-0.01,0.0046
"1991-10",0.0129,0.009,-0.0043,0.0042
"1991-11",-0.0419,-0.0048,-0.0193,0.0039
"1991-12",0.1084,-0.0224,-0.0403,0.0038
"1992-01",-0.0059,0.0847,0.0451,0.0034
"1992-02",0.0109,0.0088,0.0637,0.0028
"1992-03",-0.0266,-0.0103,0.0365,0.0034
"1992-04",0.0107,-0.0612,0.0431,0.0032
"1992-05",0.003,0.0039,0.0128,0.0028
"1992-06",-0.0234,-0.0309,0.034,0.0032
"1992-07",0.0377,-0.0044,-0.0053,0.0031
"1992-08",-0.0238,-0.0012,-0.0103,0.0026
"1992-09",0.0119,0.0056,-0.0021,0.0026
"1992-10",0.0102,0.0205,-0.021,0.0023
"1992-11",0.0413,0.037,-0.0148,0.0023
"1992-12",0.0153,0.0164,0.0252,0.0028
"1993-01",0.0093,0.0203,0.0587,0.0023
"1993-02",0.0012,-0.0343,0.0642,0.0022
"1993-03",0.023,0.0023,0.0122,0.0025
"1993-04",-0.0305,-0.007,0.0261,0.0024
"1993-05",0.0289,0.0196,-0.0341,0.0022
"1993-06",0.0031,-0.0031,0.0262,0.0025
"1993-07",-0.0034,0.0093,0.0325,0.0024
"1993-08",0.0371,0.0031,-0.0045,0.0025
"1993-09",-0.0012,0.0311,-0.0044,0.0026
"1993-10",0.0141,0.0145,-0.0154,0.0022
"1993-11",-0.0189,-0.0142,-0.0027,0.0025
"1993-12",0.0165,0.0122,0.0057,0.0023
"1994-01",0.0287,0.0015,0.0209,0.0025
"1994-02",-0.0255,0.0273,-0.0145,0.0021
"1994-03",-0.0478,-0.0098,0.0129,0.0027
"1994-04",0.0068,-0.0092,0.0168,0.0027
"1994-05",0.0058,-0.0201,0.002,0.0031
"1994-06",-0.0303,-0.0045,0.0169,0.0031
"1994-07",0.0282,-0.0172,0.0062,0.0028
"1994-08",0.0401,0.0134,-0.0281,0.0037
"1994-09",-0.0231,0.0283,-0.0191,0.0037
"1994-10",0.0134,-0.0235,-0.0174,0.0038
"1994-11",-0.0404,0.0026,-0.0094,0.0037
"1994-12",0.0086,4e-04,0.0054,0.0044
"1995-01",0.018,-0.0265,0.0081,0.0042
"1995-02",0.0363,-0.0067,0.0109,0.004
"1995-03",0.0219,-0.0069,-0.011,0.0046
"1995-04",0.0211,-0.0063,0.0227,0.0044
"1995-05",0.029,-0.0221,0.0172,0.0054
"1995-06",0.0272,0.0293,-0.0228,0.0047
"1995-07",0.0372,0.021,-0.0167,0.0045
"1995-08",0.0055,0.0159,0.0271,0.0047
"1995-09",0.0335,-0.0211,-0.0075,0.0043
"1995-10",-0.0152,-0.0375,-0.0074,0.0047
"1995-11",0.0396,-0.0116,0.0094,0.0042
"1995-12",0.0103,0.0058,0.0087,0.0049
"1996-01",0.0226,-0.0262,0.003,0.0043
"1996-02",0.0133,0.0189,-0.0142,0.0039
"1996-03",0.0073,0.0131,0.0101,0.0039
"1996-04",0.0206,0.0491,-0.0391,0.0046
"1996-05",0.0236,0.0305,-0.012,0.0042
"1996-06",-0.0114,-0.0358,0.0156,0.004
"1996-07",-0.0597,-0.0384,0.0445,0.0045
"1996-08",0.0277,0.023,-0.0046,0.0041
"1996-09",0.0501,-0.0088,-0.0315,0.0044
"1996-10",0.0086,-0.0444,0.0512,0.0042
"1996-11",0.0625,-0.0389,0.0116,0.0041
"1996-12",-0.017,0.0319,0.0088,0.0046
"1997-01",0.0498,-0.0184,-0.0164,0.0045
"1997-02",-0.0049,-0.0291,0.0519,0.0039
"1997-03",-0.0502,-0.0038,0.0381,0.0043
"1997-04",0.0404,-0.0565,-7e-04,0.0043
"1997-05",0.0674,0.0489,-0.0387,0.0049
"1997-06",0.041,0.0132,0.0123,0.0037
"1997-07",0.0733,-0.028,0.0082,0.0043
"1997-08",-0.0415,0.0731,0.0138,0.0041
"1997-09",0.0535,0.0261,1e-04,0.0044
"1997-10",-0.038,-0.0068,0.0195,0.0042
"1997-11",0.0298,-0.0495,0.0079,0.0039
"1997-12",0.0132,-0.0235,0.0345,0.0048
"1998-01",0.0015,-0.0116,-0.0145,0.0043
"1998-02",0.0704,1e-04,-0.0013,0.0039
"1998-03",0.0476,-0.0093,0.0105,0.0039
"1998-04",0.0073,0.0021,0.0074,0.0043
"1998-05",-0.0307,-0.0375,0.0416,0.004
"1998-06",0.0318,-0.0316,-0.0233,0.0041
"1998-07",-0.0246,-0.0512,-0.0096,0.004
"1998-08",-0.1608,-0.0531,0.034,0.0043
"1998-09",0.0615,-0.0014,-0.0331,0.0046
"1998-10",0.0713,-0.0329,-0.0221,0.0032
"1998-11",0.061,0.0107,-0.0315,0.0031
"1998-12",0.0616,-0.0035,-0.0446,0.0038
"1999-01",0.035,0.0037,-0.0403,0.0035
"1999-02",-0.0408,-0.0567,0.014,0.0035
"1999-03",0.0345,-0.0392,-0.0265,0.0043
"1999-04",0.0433,0.04,0.0253,0.0037
"1999-05",-0.0246,0.0342,0.024,0.0034
"1999-06",0.0477,0.0305,-0.036,0.004
"1999-07",-0.0349,0.0267,-0.0076,0.0038
"1999-08",-0.0138,-0.0127,-0.0131,0.0039
"1999-09",-0.0279,0.0334,-0.0339,0.0039
"1999-10",0.0612,-0.0695,-0.0289,0.0039
"1999-11",0.0337,0.0737,-0.0651,0.0036
"1999-12",0.0772,0.0712,-0.0873,0.0044
"2000-01",-0.0474,0.0495,-0.0028,0.0041
"2000-02",0.0245,0.217,-0.0993,0.0043
"2000-03",0.052,-0.1687,0.0737,0.0047
"2000-04",-0.064,-0.0772,0.0861,0.0046
"2000-05",-0.0442,-0.0511,0.0257,0.005
"2000-06",0.0464,0.1385,-0.0986,0.004
"2000-07",-0.0251,-0.0276,0.0806,0.0048
"2000-08",0.0703,-0.0115,-0.0066,0.005
"2000-09",-0.0545,-0.0132,0.0613,0.0051
"2000-10",-0.0276,-0.038,0.0564,0.0056
"2000-11",-0.1072,-0.0277,0.1126,0.0051
"2000-12",0.0119,0.0096,0.0738,0.005
"2001-01",0.0313,0.0654,-0.0486,0.0054
"2001-02",-0.1005,-0.0072,0.1287,0.0038
"2001-03",-0.0726,0.0035,0.0646,0.0042
"2001-04",0.0794,0.0054,-0.0472,0.0039
"2001-05",0.0072,0.0258,0.0317,0.0032
"2001-06",-0.0194,0.0603,-0.0103,0.0028
"2001-07",-0.0213,-0.0435,0.0557,0.003
"2001-08",-0.0646,0.025,0.025,0.0031
"2001-09",-0.0925,-0.0612,0.016,0.0028
"2001-10",0.0246,0.0763,-0.081,0.0022
"2001-11",0.0754,-0.0041,0.0201,0.0017
"2001-12",0.0161,0.0457,0.011,0.0015
"2002-01",-0.0144,0.0119,0.0333,0.0014
"2002-02",-0.0229,-0.011,0.025,0.0013
"2002-03",0.0424,0.0423,0.011,0.0013
"2002-04",-0.052,0.0594,0.0393,0.0015
"2002-05",-0.0138,-0.0321,0.0168,0.0014
"2002-06",-0.0721,0.0427,0.0012,0.0013
"2002-07",-0.0818,-0.053,-0.0344,0.0015
"2002-08",0.005,-0.0244,0.0253,0.0014
"2002-09",-0.1035,0.0257,0.0132,0.0014
"2002-10",0.0784,-0.029,-0.0545,0.0014
"2002-11",0.0596,0.0284,-0.0112,0.0012
"2002-12",-0.0576,1e-04,0.0223,0.0011
"2003-01",-0.0257,0.0138,-0.0094,0.001
"2003-02",-0.0188,-0.0034,-0.0145,9e-04
"2003-03",0.0109,0.0089,-0.0207,0.001
"2003-04",0.0822,0.0056,0.0103,0.001
"2003-05",0.0605,0.0469,-0.0029,9e-04
"2003-06",0.0142,0.0167,0.0069,0.001
"2003-07",0.0235,0.0524,-0.0114,7e-04
"2003-08",0.0234,0.026,0.0203,7e-04
"2003-09",-0.0124,0.008,1e-04,8e-04
"2003-10",0.0608,0.0268,0.0177,7e-04
"2003-11",0.0135,0.0202,0.0185,7e-04
"2003-12",0.0429,-0.03,0.0241,8e-04
"2004-01",0.0215,0.028,0.0197,7e-04
"2004-02",0.014,-0.0143,0.005,6e-04
"2004-03",-0.0132,0.0175,0.0022,9e-04
"2004-04",-0.0183,-0.0206,-0.0262,8e-04
"2004-05",0.0117,-0.0021,-0.0039,6e-04
"2004-06",0.0186,0.0226,0.0139,8e-04
"2004-07",-0.0406,-0.0381,0.0411,0.001
"2004-08",8e-04,-0.0162,0.0103,0.0011
"2004-09",0.016,0.0303,-0.0025,0.0011
"2004-10",0.0143,0.0031,-0.0063,0.0011
"2004-11",0.0454,0.039,0.0179,0.0015
"2004-12",0.0343,0.0011,-8e-04,0.0016
"2005-01",-0.0276,-0.0151,0.0196,0.0016
"2005-02",0.0189,-0.005,0.0165,0.0016
"2005-03",-0.0197,-0.0137,0.0161,0.0021
"2005-04",-0.0261,-0.0398,-0.0035,0.0021
"2005-05",0.0365,0.0288,-0.0081,0.0024
"2005-06",0.0057,0.0262,0.0263,0.0023
"2005-07",0.0392,0.0293,-0.0052,0.0024
"2005-08",-0.0122,-0.0092,0.0127,0.003
"2005-09",0.0049,-0.0058,0.0077,0.0029
"2005-10",-0.0202,-0.0121,0.0022,0.0027
"2005-11",0.0361,0.009,-0.0119,0.0031
"2005-12",-0.0025,-0.0046,0.0044,0.0032
"2006-01",0.0304,0.0542,0.0113,0.0035
"2006-02",-0.003,-0.0037,-0.0025,0.0034
"2006-03",0.0146,0.0354,0.006,0.0037
"2006-04",0.0073,-0.0134,0.0261,0.0036
"2006-05",-0.0357,-0.0305,0.0254,0.0043
"2006-06",-0.0035,-0.0035,0.0087,0.004
"2006-07",-0.0078,-0.0407,0.0294,0.004
"2006-08",0.0203,0.0091,-0.0171,0.0042
"2006-09",0.0184,-0.0137,4e-04,0.0041
"2006-10",0.0323,0.0173,-3e-04,0.0041
"2006-11",0.0171,0.0086,8e-04,0.0042
"2006-12",0.0087,-0.011,0.0316,0.004
"2007-01",0.014,0.001,-0.0011,0.0044
"2007-02",-0.0196,0.0132,-0.001,0.0038
"2007-03",0.0068,-5e-04,-0.0022,0.0043
"2007-04",0.0349,-0.0206,-0.0115,0.0044
"2007-05",0.0324,2e-04,-4e-04,0.0041
"2007-06",-0.0196,0.0077,-0.0112,0.004
"2007-07",-0.0373,-0.0251,-0.0333,0.004
"2007-08",0.0092,-0.0013,-0.0224,0.0042
"2007-09",0.0322,-0.0229,-0.0186,0.0032
"2007-10",0.018,0.0022,-0.026,0.0032
"2007-11",-0.0483,-0.0262,-0.0118,0.0034
"2007-12",-0.0087,0.002,-0.0051,0.0027
"2008-01",-0.0636,-0.009,0.0365,0.0021
"2008-02",-0.0309,-0.0024,-0.0094,0.0013
"2008-03",-0.0093,0.0095,-0.0014,0.0017
"2008-04",0.046,-0.0164,-0.0095,0.0018
"2008-05",0.0186,0.0322,-0.0138,0.0018
"2008-06",-0.0844,0.0128,-0.0242,0.0017
"2008-07",-0.0077,0.0245,0.0588,0.0015
"2008-08",0.0153,0.0361,0.0152,0.0013
"2008-09",-0.0924,-0.0116,0.0633,0.0015
"2008-10",-0.1723,-0.0232,-0.0289,8e-04
"2008-11",-0.0786,-0.0296,-0.0602,3e-04
"2008-12",0.0174,0.0361,-0.0025,0
"2009-01",-0.0812,8e-04,-0.1118,0
"2009-02",-0.101,0.0022,-0.0727,1e-04
"2009-03",0.0895,-8e-04,0.0356,2e-04
"2009-04",0.1019,0.0477,0.0553,1e-04
"2009-05",0.0521,-0.0234,-0.0023,0
"2009-06",0.0043,0.0262,-0.0272,1e-04
"2009-07",0.0772,0.0207,0.0528,1e-04
"2009-08",0.0333,-0.009,0.0775,1e-04
"2009-09",0.0408,0.0246,0.0093,1e-04
"2009-10",-0.0259,-0.0423,-0.0418,0
"2009-11",0.0556,-0.025,-0.0017,0
"2009-12",0.0275,0.061,0,1e-04
"2010-01",-0.0336,0.0038,0.003,0
"2010-02",0.034,0.0121,0.0316,0
"2010-03",0.0631,0.0143,0.0211,1e-04
"2010-04",0.02,0.0497,0.0281,1e-04
"2010-05",-0.0789,5e-04,-0.0238,1e-04
"2010-06",-0.0556,-0.0197,-0.045,1e-04
"2010-07",0.0693,0.0017,-0.0026,1e-04
"2010-08",-0.0477,-0.03,-0.0195,1e-04
"2010-09",0.0954,0.0392,-0.0313,1e-04
"2010-10",0.0388,0.0113,-0.026,1e-04
"2010-11",0.006,0.037,-0.009,1e-04
"2010-12",0.0682,0.0069,0.0382,1e-04
"2011-01",0.0199,-0.0247,0.0082,1e-04
"2011-02",0.0349,0.0153,0.011,1e-04
"2011-03",0.0045,0.026,-0.0158,1e-04
"2011-04",0.029,-0.0034,-0.0252,0
"2011-05",-0.0127,-0.007,-0.0208,0
"2011-06",-0.0175,-0.0016,-0.0032,0
"2011-07",-0.0236,-0.0135,-0.0121,0
"2011-08",-0.0599,-0.0305,-0.0248,1e-04
"2011-09",-0.0759,-0.0353,-0.0141,0
"2011-10",0.1135,0.0342,-0.0018,0
"2011-11",-0.0028,-0.0017,-0.0034,0
"2011-12",0.0074,-0.007,0.0177,0
"2012-01",0.0505,0.0215,-0.0113,0
"2012-02",0.0442,-0.0175,8e-04,0
"2012-03",0.0311,-0.0062,0.0092,0
"2012-04",-0.0085,-0.0052,-0.0048,0
"2012-05",-0.0619,0,-0.0059,1e-04
"2012-06",0.0389,0.0076,0.0044,0
"2012-07",0.0079,-0.0261,-0.0027,0
"2012-08",0.0255,0.004,0.0131,1e-04
"2012-09",0.0273,0.0049,0.0153,1e-04
"2012-10",-0.0176,-0.0115,0.0379,1e-04
"2012-11",0.0078,0.0059,-0.0097,1e-04
"2012-12",0.0118,0.0148,0.0358,1e-04
"2013-01",0.0557,0.0039,0.0095,0
"2013-02",0.0129,-0.0045,3e-04,0
"2013-03",0.0403,0.0081,-0.003,0
"2013-04",0.0155,-0.0242,0.0062,0
"2013-05",0.028,0.0166,0.026,0
"2013-06",-0.012,0.0117,-0.0017,0
"2013-07",0.0565,0.0186,0.0056,0
"2013-08",-0.0271,0.0031,-0.0278,0
"2013-09",0.0377,0.0292,-0.0119,0
"2013-10",0.0418,-0.0151,0.0114,0
"2013-11",0.0312,0.0122,0.0024,0
"2013-12",0.0281,-0.005,-0.0031,0
"2014-01",-0.0332,0.0085,-0.0209,0
"2014-02",0.0465,0.0034,-0.004,0
"2014-03",0.0043,-0.0189,0.0509,0
"2014-04",-0.0019,-0.0424,0.0114,0
"2014-05",0.0206,-0.0186,-0.0027,0
"2014-06",0.0261,0.0308,-0.0074,0
"2014-07",-0.0204,-0.0425,1e-04,0
"2014-08",0.0424,0.0036,-0.0059,0
"2014-09",-0.0197,-0.0383,-0.0123,0
"2014-10",0.0252,0.0421,-0.017,0
"2014-11",0.0255,-0.0209,-0.03,0
"2014-12",-6e-04,0.0255,0.0206,0
"2015-01",-0.0311,-0.0056,-0.0348,0
"2015-02",0.0613,0.0049,-0.0181,0
"2015-03",-0.0112,0.0303,-0.0046,0
"2015-04",0.0059,-0.0298,0.0185,0
"2015-05",0.0136,0.0087,-0.0137,0
"2015-06",-0.0153,0.0283,-0.0079,0
"2015-07",0.0154,-0.0415,-0.0412,0
"2015-08",-0.0604,0.0049,0.0266,0
"2015-09",-0.0308,-0.0264,0.0053,0
"2015-10",0.0775,-0.0197,-7e-04,0
"2015-11",0.0056,0.0364,-0.0051,0
"2015-12",-0.0217,-0.0283,-0.0259,1e-04
"2016-01",-0.0577,-0.0335,0.0208,1e-04
"2016-02",-7e-04,0.0079,-0.005,2e-04
"2016-03",0.0696,0.0087,0.0116,2e-04
"2016-04",0.0092,0.0069,0.0326,1e-04
"2016-05",0.0178,-0.0027,-0.0181,1e-04
"2016-06",-5e-04,0.0065,-0.0147,2e-04
"2016-07",0.0395,0.0264,-0.0111,2e-04
"2016-08",0.005,0.0116,0.0334,2e-04
"2016-09",0.0025,0.0202,-0.0149,2e-04
"2016-10",-0.0202,-0.0439,0.0416,2e-04
"2016-11",0.0486,0.0547,0.0829,1e-04
"2016-12",0.0182,0.001,0.0358,3e-04
"2017-01",0.0194,-0.0104,-0.0278,4e-04
"2017-02",0.0357,-0.0202,-0.0179,4e-04
"2017-03",0.0017,0.012,-0.0317,3e-04
"2017-04",0.0109,0.0071,-0.0187,5e-04
"2017-05",0.0106,-0.0254,-0.0378,6e-04
"2017-06",0.0078,0.0217,0.0135,6e-04
"2017-07",0.0187,-0.0141,-0.0029,7e-04
"2017-08",0.0016,-0.0167,-0.0224,9e-04
"2017-09",0.0251,0.0455,0.0303,9e-04
"2017-10",0.0225,-0.0194,-5e-04,9e-04
"2017-11",0.0312,-0.0065,-4e-04,8e-04
"2017-12",0.0106,-0.0128,0.0014,9e-04
"2018-01",0.0558,-0.0303,-0.0137,0.0011
"2018-02",-0.0365,0.0026,-0.0119,0.0011
"2018-03",-0.0235,0.0395,-0.0012,0.0012
"2018-04",0.0029,0.0112,0.0054,0.0014
"2018-05",0.0265,0.0523,-0.0316,0.0014
"2018-06",0.0048,0.0118,-0.0238,0.0014
"2018-07",0.0319,-0.0217,0.0043,0.0016
"2018-08",0.0344,0.0115,-0.0408,0.0016
"2018-09",6e-04,-0.0237,-0.013,0.0015
"2018-10",-0.0768,-0.0476,0.0344,0.0019
"2018-11",0.0169,-0.0079,0.0025,0.0018
"2018-12",-0.0955,-0.0263,-0.0147,0.0019
"2019-01",0.0841,0.0301,-0.0062,0.0021
"2019-02",0.034,0.0206,-0.0284,0.0018
"2019-03",0.011,-0.0313,-0.0407,0.0019
"2019-04",0.0396,-0.0168,0.0193,0.0021
"2019-05",-0.0694,-0.012,-0.0239,0.0021
"2019-06",0.0693,0.0034,-0.0108,0.0018
"2019-07",0.0119,-0.0207,0.0014,0.0019
"2019-08",-0.0258,-0.0241,-0.0499,0.0016
"2019-09",0.0144,-0.009,0.0671,0.0018
"2019-10",0.0206,0.0025,-0.0207,0.0015
"2019-11",0.0387,0.0087,-0.0186,0.0012
"2019-12",0.0277,0.0068,0.0183,0.0014
"2020-01",-0.0011,-0.0311,-0.0627,0.0013
"2020-02",-0.0813,0.0096,-0.04,0.0012
